# Commercial floorspace by building type, billion sqft.
# Source: EIA, Annual Energy Outlook 2026, supplemental Table 22 (Commercial Sector
# Energy Consumption, Floorspace, ...), Counterfactual Baseline case, NEMS run
# cb2026.d021826b; series code and workbook row per line.
# Downloaded from https://www.eia.gov/outlooks/aeo/tables_ref.php.
# Used for both cases (assumption: AEO2026 Table 5 total floorspace differs between
# the cases by under 0.01%).
building_type,year,floorspace_billion_sqft,series_code,source_row
assembly,2025,12.84716701507568,CST000:ca_Assembly,209
assembly,2026,12.89059448242188,CST000:ca_Assembly,209
assembly,2027,12.93857669830322,CST000:ca_Assembly,209
assembly,2028,12.98213768005371,CST000:ca_Assembly,209
assembly,2029,13.02228546142578,CST000:ca_Assembly,209
assembly,2030,13.06204795837402,CST000:ca_Assembly,209
assembly,2031,13.10328960418701,CST000:ca_Assembly,209
assembly,2032,13.14650917053223,CST000:ca_Assembly,209
assembly,2033,13.1917085647583,CST000:ca_Assembly,209
assembly,2034,13.23888778686523,CST000:ca_Assembly,209
assembly,2035,13.28890323638916,CST000:ca_Assembly,209
assembly,2036,13.34126377105713,CST000:ca_Assembly,209
assembly,2037,13.39477729797363,CST000:ca_Assembly,209
assembly,2038,13.44295978546143,CST000:ca_Assembly,209
assembly,2039,13.48531055450439,CST000:ca_Assembly,209
assembly,2040,13.52215671539307,CST000:ca_Assembly,209
assembly,2041,13.55103969573975,CST000:ca_Assembly,209
assembly,2042,13.57243347167969,CST000:ca_Assembly,209
assembly,2043,13.58771228790283,CST000:ca_Assembly,209
assembly,2044,13.59784984588623,CST000:ca_Assembly,209
assembly,2045,13.60419464111328,CST000:ca_Assembly,209
assembly,2046,13.60731410980225,CST000:ca_Assembly,209
assembly,2047,13.60776233673096,CST000:ca_Assembly,209
assembly,2048,13.60609245300293,CST000:ca_Assembly,209
assembly,2049,13.60256385803223,CST000:ca_Assembly,209
assembly,2050,13.59743881225586,CST000:ca_Assembly,209
education,2025,14.61899471282959,CST000:ca_Education,210
education,2026,14.77911949157715,CST000:ca_Education,210
education,2027,14.94836139678955,CST000:ca_Education,210
education,2028,15.11505031585693,CST000:ca_Education,210
education,2029,15.28030109405518,CST000:ca_Education,210
education,2030,15.44762802124023,CST000:ca_Education,210
education,2031,15.61928653717041,CST000:ca_Education,210
education,2032,15.7959680557251,CST000:ca_Education,210
education,2033,15.97779560089111,CST000:ca_Education,210
education,2034,16.16489219665527,CST000:ca_Education,210
education,2035,16.35842895507812,CST000:ca_Education,210
education,2036,16.55795669555664,CST000:ca_Education,210
education,2037,16.76213836669922,CST000:ca_Education,210
education,2038,16.96297645568848,CST000:ca_Education,210
education,2039,17.15975379943848,CST000:ca_Education,210
education,2040,17.35278511047363,CST000:ca_Education,210
education,2041,17.53880882263184,CST000:ca_Education,210
education,2042,17.7182674407959,CST000:ca_Education,210
education,2043,17.89277458190918,CST000:ca_Education,210
education,2044,18.06307411193848,CST000:ca_Education,210
education,2045,18.23021125793457,CST000:ca_Education,210
education,2046,18.39492988586426,CST000:ca_Education,210
education,2047,18.5579833984375,CST000:ca_Education,210
education,2048,18.72014999389648,CST000:ca_Education,210
education,2049,18.88178825378418,CST000:ca_Education,210
education,2050,19.04328346252441,CST000:ca_Education,210
food_sales,2025,1.014614343643188,CST000:ca_FoodSales,211
food_sales,2026,1.017330050468445,CST000:ca_FoodSales,211
food_sales,2027,1.020501732826233,CST000:ca_FoodSales,211
food_sales,2028,1.023310899734497,CST000:ca_FoodSales,211
food_sales,2029,1.025837659835815,CST000:ca_FoodSales,211
food_sales,2030,1.02832019329071,CST000:ca_FoodSales,211
food_sales,2031,1.03090500831604,CST000:ca_FoodSales,211
food_sales,2032,1.033631205558777,CST000:ca_FoodSales,211
food_sales,2033,1.036498069763184,CST000:ca_FoodSales,211
food_sales,2034,1.039505124092102,CST000:ca_FoodSales,211
food_sales,2035,1.042718410491943,CST000:ca_FoodSales,211
food_sales,2036,1.046099066734314,CST000:ca_FoodSales,211
food_sales,2037,1.049552798271179,CST000:ca_FoodSales,211
food_sales,2038,1.052570700645447,CST000:ca_FoodSales,211
food_sales,2039,1.055114030838013,CST000:ca_FoodSales,211
food_sales,2040,1.057209372520447,CST000:ca_FoodSales,211
food_sales,2041,1.058664441108704,CST000:ca_FoodSales,211
food_sales,2042,1.059517383575439,CST000:ca_FoodSales,211
food_sales,2043,1.059876799583435,CST000:ca_FoodSales,211
food_sales,2044,1.059794664382935,CST000:ca_FoodSales,211
food_sales,2045,1.059340000152588,CST000:ca_FoodSales,211
food_sales,2046,1.058560848236084,CST000:ca_FoodSales,211
food_sales,2047,1.057505369186401,CST000:ca_FoodSales,211
food_sales,2048,1.056220531463623,CST000:ca_FoodSales,211
food_sales,2049,1.054728388786316,CST000:ca_FoodSales,211
food_sales,2050,1.053051590919495,CST000:ca_FoodSales,211
food_service,2025,1.404709935188293,CST000:ca_FoodService,212
food_service,2026,1.410306453704834,CST000:ca_FoodService,212
food_service,2027,1.416956186294556,CST000:ca_FoodService,212
food_service,2028,1.423153281211853,CST000:ca_FoodService,212
food_service,2029,1.429007768630981,CST000:ca_FoodService,212
food_service,2030,1.434850692749023,CST000:ca_FoodService,212
food_service,2031,1.440888047218323,CST000:ca_FoodService,212
food_service,2032,1.44717538356781,CST000:ca_FoodService,212
food_service,2033,1.453715205192566,CST000:ca_FoodService,212
food_service,2034,1.460508227348328,CST000:ca_FoodService,212
food_service,2035,1.467650771141052,CST000:ca_FoodService,212
food_service,2036,1.475090503692627,CST000:ca_FoodService,212
food_service,2037,1.482697367668152,CST000:ca_FoodService,212
food_service,2038,1.489755272865295,CST000:ca_FoodService,212
food_service,2039,1.496207118034363,CST000:ca_FoodService,212
food_service,2040,1.502088665962219,CST000:ca_FoodService,212
food_service,2041,1.507125020027161,CST000:ca_FoodService,212
food_service,2042,1.511366963386536,CST000:ca_FoodService,212
food_service,2043,1.514965295791626,CST000:ca_FoodService,212
food_service,2044,1.517992377281189,CST000:ca_FoodService,212
food_service,2045,1.520544052124023,CST000:ca_FoodService,212
food_service,2046,1.522688627243042,CST000:ca_FoodService,212
food_service,2047,1.524493098258972,CST000:ca_FoodService,212
food_service,2048,1.526024460792542,CST000:ca_FoodService,212
food_service,2049,1.527314305305481,CST000:ca_FoodService,212
food_service,2050,1.528394937515259,CST000:ca_FoodService,212
health_care,2025,2.515118360519409,CST000:ca_HealthCare,213
health_care,2026,2.552223443984985,CST000:ca_HealthCare,213
health_care,2027,2.592247486114502,CST000:ca_HealthCare,213
health_care,2028,2.63206672668457,CST000:ca_HealthCare,213
health_care,2029,2.671869993209839,CST000:ca_HealthCare,213
health_care,2030,2.712268352508545,CST000:ca_HealthCare,213
health_care,2031,2.753661632537842,CST000:ca_HealthCare,213
health_care,2032,2.796181678771973,CST000:ca_HealthCare,213
health_care,2033,2.839861154556274,CST000:ca_HealthCare,213
health_care,2034,2.884732246398926,CST000:ca_HealthCare,213
health_care,2035,2.931013822555542,CST000:ca_HealthCare,213
health_care,2036,2.978641271591187,CST000:ca_HealthCare,213
health_care,2037,3.027384996414185,CST000:ca_HealthCare,213
health_care,2038,3.07581090927124,CST000:ca_HealthCare,213
health_care,2039,3.123781442642212,CST000:ca_HealthCare,213
health_care,2040,3.171345233917236,CST000:ca_HealthCare,213
health_care,2041,3.217897653579712,CST000:ca_HealthCare,213
health_care,2042,3.263504981994629,CST000:ca_HealthCare,213
health_care,2043,3.308450222015381,CST000:ca_HealthCare,213
health_care,2044,3.35286021232605,CST000:ca_HealthCare,213
health_care,2045,3.396919250488281,CST000:ca_HealthCare,213
health_care,2046,3.440759897232056,CST000:ca_HealthCare,213
health_care,2047,3.484516143798828,CST000:ca_HealthCare,213
health_care,2048,3.52833080291748,CST000:ca_HealthCare,213
health_care,2049,3.572271108627319,CST000:ca_HealthCare,213
health_care,2050,3.616407155990601,CST000:ca_HealthCare,213
lodging,2025,7.501078605651855,CST000:ca_Lodging,214
lodging,2026,7.592427730560303,CST000:ca_Lodging,214
lodging,2027,7.687116622924805,CST000:ca_Lodging,214
lodging,2028,7.780610084533691,CST000:ca_Lodging,214
lodging,2029,7.873478412628174,CST000:ca_Lodging,214
lodging,2030,7.967530250549316,CST000:ca_Lodging,214
lodging,2031,8.063929557800293,CST000:ca_Lodging,214
lodging,2032,8.163040161132812,CST000:ca_Lodging,214
lodging,2033,8.264935493469238,CST000:ca_Lodging,214
lodging,2034,8.369683265686035,CST000:ca_Lodging,214
lodging,2035,8.477895736694336,CST000:ca_Lodging,214
lodging,2036,8.589353561401367,CST000:ca_Lodging,214
lodging,2037,8.70336627960205,CST000:ca_Lodging,214
lodging,2038,8.815788269042969,CST000:ca_Lodging,214
lodging,2039,8.926244735717773,CST000:ca_Lodging,214
lodging,2040,9.034889221191406,CST000:ca_Lodging,214
lodging,2041,9.140016555786133,CST000:ca_Lodging,214
lodging,2042,9.241849899291992,CST000:ca_Lodging,214
lodging,2043,9.341221809387207,CST000:ca_Lodging,214
lodging,2044,9.438506126403809,CST000:ca_Lodging,214
lodging,2045,9.534250259399414,CST000:ca_Lodging,214
lodging,2046,9.628833770751953,CST000:ca_Lodging,214
lodging,2047,9.722646713256836,CST000:ca_Lodging,214
lodging,2048,9.816095352172852,CST000:ca_Lodging,214
lodging,2049,9.909368515014648,CST000:ca_Lodging,214
lodging,2050,10.00266265869141,CST000:ca_Lodging,214
large_office,2025,11.10878086090088,CST000:ca_Office-Large,215
large_office,2026,11.16991806030273,CST000:ca_Office-Large,215
large_office,2027,11.21994590759277,CST000:ca_Office-Large,215
large_office,2028,11.26621723175049,CST000:ca_Office-Large,215
large_office,2029,11.30959892272949,CST000:ca_Office-Large,215
large_office,2030,11.35271644592285,CST000:ca_Office-Large,215
large_office,2031,11.39719104766846,CST000:ca_Office-Large,215
large_office,2032,11.44345569610596,CST000:ca_Office-Large,215
large_office,2033,11.49152374267578,CST000:ca_Office-Large,215
large_office,2034,11.54139614105225,CST000:ca_Office-Large,215
large_office,2035,11.59382629394531,CST000:ca_Office-Large,215
large_office,2036,11.64838981628418,CST000:ca_Office-Large,215
large_office,2037,11.70405387878418,CST000:ca_Office-Large,215
large_office,2038,11.75515747070312,CST000:ca_Office-Large,215
large_office,2039,11.80124759674072,CST000:ca_Office-Large,215
large_office,2040,11.84260749816895,CST000:ca_Office-Large,215
large_office,2041,11.87706565856934,CST000:ca_Office-Large,215
large_office,2042,11.905029296875,CST000:ca_Office-Large,215
large_office,2043,11.9276876449585,CST000:ca_Office-Large,215
large_office,2044,11.94560527801514,CST000:ca_Office-Large,215
large_office,2045,11.95954513549805,CST000:ca_Office-Large,215
large_office,2046,11.97003650665283,CST000:ca_Office-Large,215
large_office,2047,11.9776086807251,CST000:ca_Office-Large,215
large_office,2048,11.98278331756592,CST000:ca_Office-Large,215
large_office,2049,11.98580837249756,CST000:ca_Office-Large,215
large_office,2050,11.98693084716797,CST000:ca_Office-Large,215
small_office,2025,8.152811050415039,CST000:ca_Office-Small,216
small_office,2026,8.203691482543945,CST000:ca_Office-Small,216
small_office,2027,8.24827766418457,CST000:ca_Office-Small,216
small_office,2028,8.29021167755127,CST000:ca_Office-Small,216
small_office,2029,8.330122947692871,CST000:ca_Office-Small,216
small_office,2030,8.369940757751465,CST000:ca_Office-Small,216
small_office,2031,8.410861015319824,CST000:ca_Office-Small,216
small_office,2032,8.453208923339844,CST000:ca_Office-Small,216
small_office,2033,8.497001647949219,CST000:ca_Office-Small,216
small_office,2034,8.542243957519531,CST000:ca_Office-Small,216
small_office,2035,8.589497566223145,CST000:ca_Office-Small,216
small_office,2036,8.638459205627441,CST000:ca_Office-Small,216
small_office,2037,8.688365936279297,CST000:ca_Office-Small,216
small_office,2038,8.735021591186523,CST000:ca_Office-Small,216
small_office,2039,8.778079986572266,CST000:ca_Office-Small,216
small_office,2040,8.81774616241455,CST000:ca_Office-Small,216
small_office,2041,8.85239028930664,CST000:ca_Office-Small,216
small_office,2042,8.882305145263672,CST000:ca_Office-Small,216
small_office,2043,8.90835952758789,CST000:ca_Office-Small,216
small_office,2044,8.9309720993042,CST000:ca_Office-Small,216
small_office,2045,8.950698852539062,CST000:ca_Office-Small,216
small_office,2046,8.967930793762207,CST000:ca_Office-Small,216
small_office,2047,8.983055114746094,CST000:ca_Office-Small,216
small_office,2048,8.99646282196045,CST000:ca_Office-Small,216
small_office,2049,9.008328437805176,CST000:ca_Office-Small,216
small_office,2050,9.018839836120605,CST000:ca_Office-Small,216
mercantile_service,2025,17.90393447875977,CST000:ca_Mercantile/Se,217
mercantile_service,2026,18.05900382995605,CST000:ca_Mercantile/Se,217
mercantile_service,2027,18.23909950256348,CST000:ca_Mercantile/Se,217
mercantile_service,2028,18.41350173950195,CST000:ca_Mercantile/Se,217
mercantile_service,2029,18.58356475830078,CST000:ca_Mercantile/Se,217
mercantile_service,2030,18.7535514831543,CST000:ca_Mercantile/Se,217
mercantile_service,2031,18.9261589050293,CST000:ca_Mercantile/Se,217
mercantile_service,2032,19.10216903686523,CST000:ca_Mercantile/Se,217
mercantile_service,2033,19.28168106079102,CST000:ca_Mercantile/Se,217
mercantile_service,2034,19.46475982666016,CST000:ca_Mercantile/Se,217
mercantile_service,2035,19.65274047851562,CST000:ca_Mercantile/Se,217
mercantile_service,2036,19.84500503540039,CST000:ca_Mercantile/Se,217
mercantile_service,2037,20.03985595703125,CST000:ca_Mercantile/Se,217
mercantile_service,2038,20.2276496887207,CST000:ca_Mercantile/Se,217
mercantile_service,2039,20.40752220153809,CST000:ca_Mercantile/Se,217
mercantile_service,2040,20.57984352111816,CST000:ca_Mercantile/Se,217
mercantile_service,2041,20.74074172973633,CST000:ca_Mercantile/Se,217
mercantile_service,2042,20.89076805114746,CST000:ca_Mercantile/Se,217
mercantile_service,2043,21.03186416625977,CST000:ca_Mercantile/Se,217
mercantile_service,2044,21.16490936279297,CST000:ca_Mercantile/Se,217
mercantile_service,2045,21.29115104675293,CST000:ca_Mercantile/Se,217
mercantile_service,2046,21.41144752502441,CST000:ca_Mercantile/Se,217
mercantile_service,2047,21.52667236328125,CST000:ca_Mercantile/Se,217
mercantile_service,2048,21.63770866394043,CST000:ca_Mercantile/Se,217
mercantile_service,2049,21.74494743347168,CST000:ca_Mercantile/Se,217
mercantile_service,2050,21.84880256652832,CST000:ca_Mercantile/Se,217
warehouse,2025,21.4841480255127,CST000:ca_Warehouse,218
warehouse,2026,22.0119800567627,CST000:ca_Warehouse,218
warehouse,2027,22.4586238861084,CST000:ca_Warehouse,218
warehouse,2028,22.90571022033691,CST000:ca_Warehouse,218
warehouse,2029,23.35483932495117,CST000:ca_Warehouse,218
warehouse,2030,23.81131744384766,CST000:ca_Warehouse,218
warehouse,2031,24.27869415283203,CST000:ca_Warehouse,218
warehouse,2032,24.75820732116699,CST000:ca_Warehouse,218
warehouse,2033,25.2502498626709,CST000:ca_Warehouse,218
warehouse,2034,25.75520706176758,CST000:ca_Warehouse,218
warehouse,2035,26.2751350402832,CST000:ca_Warehouse,218
warehouse,2036,26.80957221984863,CST000:ca_Warehouse,218
warehouse,2037,27.35657501220703,CST000:ca_Warehouse,218
warehouse,2038,27.90325355529785,CST000:ca_Warehouse,218
warehouse,2039,28.44831275939941,CST000:ca_Warehouse,218
warehouse,2040,28.99210739135742,CST000:ca_Warehouse,218
warehouse,2041,29.5290412902832,CST000:ca_Warehouse,218
warehouse,2042,30.05958366394043,CST000:ca_Warehouse,218
warehouse,2043,30.58621788024902,CST000:ca_Warehouse,218
warehouse,2044,31.11001968383789,CST000:ca_Warehouse,218
warehouse,2045,31.63262939453125,CST000:ca_Warehouse,218
warehouse,2046,32.15520095825195,CST000:ca_Warehouse,218
warehouse,2047,32.67895889282227,CST000:ca_Warehouse,218
warehouse,2048,33.20520782470703,CST000:ca_Warehouse,218
warehouse,2049,33.73455429077148,CST000:ca_Warehouse,218
warehouse,2050,34.26764678955078,CST000:ca_Warehouse,218
other,2025,6.0924973487854,CST000:ca_Other,219
other,2026,6.180978298187256,CST000:ca_Other,219
other,2027,6.280045986175537,CST000:ca_Other,219
other,2028,6.378663063049316,CST000:ca_Other,219
other,2029,6.477287769317627,CST000:ca_Other,219
other,2030,6.577399730682373,CST000:ca_Other,219
other,2031,6.679971218109131,CST000:ca_Other,219
other,2032,6.785319805145264,CST000:ca_Other,219
other,2033,6.893529891967773,CST000:ca_Other,219
other,2034,7.004681587219238,CST000:ca_Other,219
other,2035,7.119308471679688,CST000:ca_Other,219
other,2036,7.237255573272705,CST000:ca_Other,219
other,2037,7.357967376708984,CST000:ca_Other,219
other,2038,7.477960586547852,CST000:ca_Other,219
other,2039,7.596899032592773,CST000:ca_Other,219
other,2040,7.71489953994751,CST000:ca_Other,219
other,2041,7.830489635467529,CST000:ca_Other,219
other,2042,7.943827152252197,CST000:ca_Other,219
other,2043,8.055599212646484,CST000:ca_Other,219
other,2044,8.166111946105957,CST000:ca_Other,219
other,2045,8.2758150100708,CST000:ca_Other,219
other,2046,8.385025978088379,CST000:ca_Other,219
other,2047,8.494072914123535,CST000:ca_Other,219
other,2048,8.603302955627441,CST000:ca_Other,219
other,2049,8.712879180908203,CST000:ca_Other,219
other,2050,8.822973251342773,CST000:ca_Other,219
