# Commercial delivered energy prices, 2025 USD per million Btu.
# Source: EIA, Annual Energy Outlook 2026, Table 3 (Energy Prices by Sector and
# Source), commercial rows, by series code;
# reference: NEMS run cb2026.d021826b
# high_electricity_demand: NEMS run higheldmd.d021526a
# Downloaded from https://www.eia.gov/outlooks/aeo/tables_ref.php (side cases through its side-case tables).
case,fuel,year,price_2025usd_per_mmbtu,series_code,source_row
reference,natural_gas,2025,10.35401630401611,PRC000:ca_NaturalGas,389
reference,natural_gas,2026,9.539688110351562,PRC000:ca_NaturalGas,389
reference,natural_gas,2027,9.799947738647461,PRC000:ca_NaturalGas,389
reference,natural_gas,2028,10.18903827667236,PRC000:ca_NaturalGas,389
reference,natural_gas,2029,10.6725606918335,PRC000:ca_NaturalGas,389
reference,natural_gas,2030,11.28650188446045,PRC000:ca_NaturalGas,389
reference,natural_gas,2031,11.87356376647949,PRC000:ca_NaturalGas,389
reference,natural_gas,2032,12.2061882019043,PRC000:ca_NaturalGas,389
reference,natural_gas,2033,12.27155017852783,PRC000:ca_NaturalGas,389
reference,natural_gas,2034,12.46010208129883,PRC000:ca_NaturalGas,389
reference,natural_gas,2035,12.47928524017334,PRC000:ca_NaturalGas,389
reference,natural_gas,2036,12.52798652648926,PRC000:ca_NaturalGas,389
reference,natural_gas,2037,12.68246650695801,PRC000:ca_NaturalGas,389
reference,natural_gas,2038,12.53809833526611,PRC000:ca_NaturalGas,389
reference,natural_gas,2039,12.58029079437256,PRC000:ca_NaturalGas,389
reference,natural_gas,2040,12.63171863555908,PRC000:ca_NaturalGas,389
reference,natural_gas,2041,12.72662544250488,PRC000:ca_NaturalGas,389
reference,natural_gas,2042,12.77736377716064,PRC000:ca_NaturalGas,389
reference,natural_gas,2043,12.77495288848877,PRC000:ca_NaturalGas,389
reference,natural_gas,2044,12.7336254119873,PRC000:ca_NaturalGas,389
reference,natural_gas,2045,12.72132396697998,PRC000:ca_NaturalGas,389
reference,natural_gas,2046,12.74617767333984,PRC000:ca_NaturalGas,389
reference,natural_gas,2047,12.74838924407959,PRC000:ca_NaturalGas,389
reference,natural_gas,2048,12.73976707458496,PRC000:ca_NaturalGas,389
reference,natural_gas,2049,12.74673557281494,PRC000:ca_NaturalGas,389
reference,natural_gas,2050,12.76310348510742,PRC000:ca_NaturalGas,389
reference,electricity,2025,39.50616073608398,PRC000:ca_Electricity,390
reference,electricity,2026,39.26124954223633,PRC000:ca_Electricity,390
reference,electricity,2027,38.1155891418457,PRC000:ca_Electricity,390
reference,electricity,2028,37.1328239440918,PRC000:ca_Electricity,390
reference,electricity,2029,37.37804794311523,PRC000:ca_Electricity,390
reference,electricity,2030,38.06339263916016,PRC000:ca_Electricity,390
reference,electricity,2031,39.58184051513672,PRC000:ca_Electricity,390
reference,electricity,2032,39.65379333496094,PRC000:ca_Electricity,390
reference,electricity,2033,39.84173202514648,PRC000:ca_Electricity,390
reference,electricity,2034,39.59977722167969,PRC000:ca_Electricity,390
reference,electricity,2035,39.32064437866211,PRC000:ca_Electricity,390
reference,electricity,2036,39.32775497436523,PRC000:ca_Electricity,390
reference,electricity,2037,39.56782150268555,PRC000:ca_Electricity,390
reference,electricity,2038,40.33167266845703,PRC000:ca_Electricity,390
reference,electricity,2039,40.09683609008789,PRC000:ca_Electricity,390
reference,electricity,2040,40.13955688476562,PRC000:ca_Electricity,390
reference,electricity,2041,39.99103927612305,PRC000:ca_Electricity,390
reference,electricity,2042,40.13059234619141,PRC000:ca_Electricity,390
reference,electricity,2043,40.13523101806641,PRC000:ca_Electricity,390
reference,electricity,2044,40.12440872192383,PRC000:ca_Electricity,390
reference,electricity,2045,40.07187652587891,PRC000:ca_Electricity,390
reference,electricity,2046,40.05728530883789,PRC000:ca_Electricity,390
reference,electricity,2047,40.08103179931641,PRC000:ca_Electricity,390
reference,electricity,2048,40.06531143188477,PRC000:ca_Electricity,390
reference,electricity,2049,40.1542854309082,PRC000:ca_Electricity,390
reference,electricity,2050,40.1132698059082,PRC000:ca_Electricity,390
high_electricity_demand,natural_gas,2025,10.35401630401611,PRC000:ca_NaturalGas,389
high_electricity_demand,natural_gas,2026,9.542154312133789,PRC000:ca_NaturalGas,389
high_electricity_demand,natural_gas,2027,9.767147064208984,PRC000:ca_NaturalGas,389
high_electricity_demand,natural_gas,2028,10.17701816558838,PRC000:ca_NaturalGas,389
high_electricity_demand,natural_gas,2029,10.67684841156006,PRC000:ca_NaturalGas,389
high_electricity_demand,natural_gas,2030,11.27804183959961,PRC000:ca_NaturalGas,389
high_electricity_demand,natural_gas,2031,11.8480167388916,PRC000:ca_NaturalGas,389
high_electricity_demand,natural_gas,2032,12.23456382751465,PRC000:ca_NaturalGas,389
high_electricity_demand,natural_gas,2033,12.33408164978027,PRC000:ca_NaturalGas,389
high_electricity_demand,natural_gas,2034,12.53332614898682,PRC000:ca_NaturalGas,389
high_electricity_demand,natural_gas,2035,12.5185604095459,PRC000:ca_NaturalGas,389
high_electricity_demand,natural_gas,2036,12.52062511444092,PRC000:ca_NaturalGas,389
high_electricity_demand,natural_gas,2037,12.5777759552002,PRC000:ca_NaturalGas,389
high_electricity_demand,natural_gas,2038,12.48812103271484,PRC000:ca_NaturalGas,389
high_electricity_demand,natural_gas,2039,12.52774620056152,PRC000:ca_NaturalGas,389
high_electricity_demand,natural_gas,2040,12.58059120178223,PRC000:ca_NaturalGas,389
high_electricity_demand,natural_gas,2041,12.67476177215576,PRC000:ca_NaturalGas,389
high_electricity_demand,natural_gas,2042,12.72374725341797,PRC000:ca_NaturalGas,389
high_electricity_demand,natural_gas,2043,12.7416410446167,PRC000:ca_NaturalGas,389
high_electricity_demand,natural_gas,2044,12.75076484680176,PRC000:ca_NaturalGas,389
high_electricity_demand,natural_gas,2045,12.77362251281738,PRC000:ca_NaturalGas,389
high_electricity_demand,natural_gas,2046,12.80168437957764,PRC000:ca_NaturalGas,389
high_electricity_demand,natural_gas,2047,12.82614135742188,PRC000:ca_NaturalGas,389
high_electricity_demand,natural_gas,2048,12.823974609375,PRC000:ca_NaturalGas,389
high_electricity_demand,natural_gas,2049,12.82697486877441,PRC000:ca_NaturalGas,389
high_electricity_demand,natural_gas,2050,12.84114170074463,PRC000:ca_NaturalGas,389
high_electricity_demand,electricity,2025,39.50832366943359,PRC000:ca_Electricity,390
high_electricity_demand,electricity,2026,39.25849914550781,PRC000:ca_Electricity,390
high_electricity_demand,electricity,2027,38.19607543945312,PRC000:ca_Electricity,390
high_electricity_demand,electricity,2028,37.13691711425781,PRC000:ca_Electricity,390
high_electricity_demand,electricity,2029,37.49160003662109,PRC000:ca_Electricity,390
high_electricity_demand,electricity,2030,38.23898315429688,PRC000:ca_Electricity,390
high_electricity_demand,electricity,2031,39.73605728149414,PRC000:ca_Electricity,390
high_electricity_demand,electricity,2032,39.97738265991211,PRC000:ca_Electricity,390
high_electricity_demand,electricity,2033,40.46379470825195,PRC000:ca_Electricity,390
high_electricity_demand,electricity,2034,40.18459320068359,PRC000:ca_Electricity,390
high_electricity_demand,electricity,2035,39.94386672973633,PRC000:ca_Electricity,390
high_electricity_demand,electricity,2036,39.92279815673828,PRC000:ca_Electricity,390
high_electricity_demand,electricity,2037,40.21401977539062,PRC000:ca_Electricity,390
high_electricity_demand,electricity,2038,40.88674926757812,PRC000:ca_Electricity,390
high_electricity_demand,electricity,2039,40.55532455444336,PRC000:ca_Electricity,390
high_electricity_demand,electricity,2040,40.69826507568359,PRC000:ca_Electricity,390
high_electricity_demand,electricity,2041,40.69915390014648,PRC000:ca_Electricity,390
high_electricity_demand,electricity,2042,40.71504974365234,PRC000:ca_Electricity,390
high_electricity_demand,electricity,2043,40.77362823486328,PRC000:ca_Electricity,390
high_electricity_demand,electricity,2044,40.83757781982422,PRC000:ca_Electricity,390
high_electricity_demand,electricity,2045,40.81110000610352,PRC000:ca_Electricity,390
high_electricity_demand,electricity,2046,40.81106948852539,PRC000:ca_Electricity,390
high_electricity_demand,electricity,2047,40.89347839355469,PRC000:ca_Electricity,390
high_electricity_demand,electricity,2048,40.92367172241211,PRC000:ca_Electricity,390
high_electricity_demand,electricity,2049,40.85565948486328,PRC000:ca_Electricity,390
high_electricity_demand,electricity,2050,40.7220573425293,PRC000:ca_Electricity,390
