# Data-center server annual energy index [DataCtrServPenetration],
# 2018 (CBECS year) = 1.
# Source: NEMS input/cdm/kmels.txt and kmels_higheldmd.txt, release tag AEO2026-Public-Release.
# reference: kmels.txt lines 101-111 (multipliers), 115 (explicit share), 119 (server index), 126-145 (MEL base), 149-168 (MEL index)
# high_electricity_demand: kmels_higheldmd.txt lines 101-111 (multipliers), 115 (explicit share), 119 (server index), 126-145 (MEL base), 149-168 (MEL index)
case,year,server_index
reference,2019,1.2
reference,2020,1.427
reference,2021,1.678
reference,2022,1.952
reference,2023,2.246
reference,2024,2.553
reference,2025,2.868
reference,2026,3.194
reference,2027,3.528
reference,2028,3.862
reference,2029,4.195
reference,2030,4.523
reference,2031,4.845
reference,2032,5.163
reference,2033,5.476
reference,2034,5.783
reference,2035,6.083
reference,2036,6.373
reference,2037,6.653
reference,2038,6.921
reference,2039,7.175
reference,2040,7.412
reference,2041,7.633
reference,2042,7.833
reference,2043,8.012
reference,2044,8.166
reference,2045,8.296
reference,2046,8.398
reference,2047,8.472
reference,2048,8.516
reference,2049,8.529
reference,2050,8.529
high_electricity_demand,2019,1.2
high_electricity_demand,2020,1.427
high_electricity_demand,2021,1.678
high_electricity_demand,2022,1.952
high_electricity_demand,2023,2.246
high_electricity_demand,2024,2.553
high_electricity_demand,2025,2.868
high_electricity_demand,2026,3.23
high_electricity_demand,2027,3.613
high_electricity_demand,2028,4.01
high_electricity_demand,2029,4.421
high_electricity_demand,2030,4.843
high_electricity_demand,2031,5.277
high_electricity_demand,2032,5.725
high_electricity_demand,2033,6.187
high_electricity_demand,2034,6.664
high_electricity_demand,2035,7.155
high_electricity_demand,2036,7.66
high_electricity_demand,2037,8.178
high_electricity_demand,2038,8.709
high_electricity_demand,2039,9.251
high_electricity_demand,2040,9.805
high_electricity_demand,2041,10.369
high_electricity_demand,2042,10.942
high_electricity_demand,2043,11.521
high_electricity_demand,2044,12.107
high_electricity_demand,2045,12.697
high_electricity_demand,2046,13.29
high_electricity_demand,2047,13.886
high_electricity_demand,2048,14.483
high_electricity_demand,2049,15.082
high_electricity_demand,2050,15.681
