reserve_type,tech,reserve_cost_usd_per_mwh
spinning,1,0.00001
spinning,2,0.00001
spinning,3,0.00001
spinning,4,0.00001
spinning,7,0.00001
spinning,8,0.00001
spinning,9,0.00001
spinning,10_seasonal,0.00001
spinning,10_regular,0.00001
spinning,11,0.00001
spinning,12,0.00001
regulation,1,12.5
regulation,2,4.0
regulation,3,4.0
regulation,4,6.0
regulation,7,4.0
regulation,8,4.0
regulation,9,4.0
regulation,10_seasonal,2.0
regulation,10_regular,2.0
regulation,11,2.0
regulation,12,0.0
flex,1,0.00001
flex,2,0.00001
flex,3,0.00001
flex,4,0.00001
flex,7,0.00001
flex,8,0.00001
flex,9,0.00001
flex,10_seasonal,0.00001
flex,10_regular,0.00001
flex,11,0.00001
flex,12,0.00001
