region_intl,step,year,season,supply_limit_intl_mw,notes
29,1,2023,1,85.698,
29,1,2024,1,85.698,
29,1,2025,1,85.698,
29,1,2026,1,85.698,
29,1,2027,1,85.698,
29,1,2028,1,85.698,
29,1,2029,1,85.698,
29,1,2030,1,85.698,
29,1,2031,1,85.698,
29,1,2032,1,85.698,
29,1,2033,1,85.698,
29,1,2034,1,85.698,
29,1,2035,1,85.698,
29,1,2036,1,85.698,
29,1,2037,1,85.698,
29,1,2038,1,85.698,
29,1,2039,1,85.698,
29,1,2040,1,85.698,
29,1,2041,1,85.698,
29,1,2042,1,85.698,
29,1,2043,1,85.698,
29,1,2044,1,85.698,
29,1,2045,1,85.698,
29,1,2046,1,85.698,
29,1,2047,1,85.698,
29,1,2048,1,85.698,
29,1,2049,1,85.698,
29,1,2050,1,85.698,
29,2,2023,1,326.188,
29,2,2024,1,326.188,
29,2,2025,1,326.188,
29,2,2026,1,326.188,
29,2,2027,1,326.188,
29,2,2028,1,326.188,
29,2,2029,1,326.188,
29,2,2030,1,326.188,
29,2,2031,1,326.188,
29,2,2032,1,326.188,
29,2,2033,1,326.188,
29,2,2034,1,326.188,
29,2,2035,1,326.188,
29,2,2036,1,326.188,
29,2,2037,1,326.188,
29,2,2038,1,326.188,
29,2,2039,1,326.188,
29,2,2040,1,326.188,
29,2,2041,1,326.188,
29,2,2042,1,326.188,
29,2,2043,1,326.188,
29,2,2044,1,326.188,
29,2,2045,1,326.188,
29,2,2046,1,326.188,
29,2,2047,1,326.188,
29,2,2048,1,326.188,
29,2,2049,1,326.188,
29,2,2050,1,326.188,
29,3,2023,1,120.2,
29,3,2024,1,120.2,
29,3,2025,1,120.2,
29,3,2026,1,120.2,
29,3,2027,1,120.2,
29,3,2028,1,120.2,
29,3,2029,1,120.2,
29,3,2030,1,120.2,
29,3,2031,1,120.2,
29,3,2032,1,120.2,
29,3,2033,1,120.2,
29,3,2034,1,120.2,
29,3,2035,1,120.2,
29,3,2036,1,120.2,
29,3,2037,1,120.2,
29,3,2038,1,120.2,
29,3,2039,1,120.2,
29,3,2040,1,120.2,
29,3,2041,1,120.2,
29,3,2042,1,120.2,
29,3,2043,1,120.2,
29,3,2044,1,120.2,
29,3,2045,1,120.2,
29,3,2046,1,120.2,
29,3,2047,1,120.2,
29,3,2048,1,120.2,
29,3,2049,1,120.2,
29,3,2050,1,120.2,
29,4,2023,1,5.5,
29,4,2024,1,5.5,
29,4,2025,1,5.5,
29,4,2026,1,5.5,
29,4,2027,1,5.5,
29,4,2028,1,5.5,
29,4,2029,1,5.5,
29,4,2030,1,5.5,
29,4,2031,1,5.5,
29,4,2032,1,5.5,
29,4,2033,1,5.5,
29,4,2034,1,5.5,
29,4,2035,1,5.5,
29,4,2036,1,5.5,
29,4,2037,1,5.5,
29,4,2038,1,5.5,
29,4,2039,1,5.5,
29,4,2040,1,5.5,
29,4,2041,1,5.5,
29,4,2042,1,5.5,
29,4,2043,1,5.5,
29,4,2044,1,5.5,
29,4,2045,1,5.5,
29,4,2046,1,5.5,
29,4,2047,1,5.5,
29,4,2048,1,5.5,
29,4,2049,1,5.5,
29,4,2050,1,5.5,
30,1,2023,1,64.034,
30,1,2024,1,64.034,
30,1,2025,1,64.034,
30,1,2026,1,64.034,
30,1,2027,1,64.034,
30,1,2028,1,64.034,
30,1,2029,1,64.034,
30,1,2030,1,64.034,
30,1,2031,1,64.034,
30,1,2032,1,64.034,
30,1,2033,1,64.034,
30,1,2034,1,64.034,
30,1,2035,1,64.034,
30,1,2036,1,64.034,
30,1,2037,1,64.034,
30,1,2038,1,64.034,
30,1,2039,1,64.034,
30,1,2040,1,64.034,
30,1,2041,1,64.034,
30,1,2042,1,64.034,
30,1,2043,1,64.034,
30,1,2044,1,64.034,
30,1,2045,1,64.034,
30,1,2046,1,64.034,
30,1,2047,1,64.034,
30,1,2048,1,64.034,
30,1,2049,1,64.034,
30,1,2050,1,64.034,
30,2,2023,1,5.23,
30,2,2024,1,5.23,
30,2,2025,1,5.23,
30,2,2026,1,5.23,
30,2,2027,1,5.23,
30,2,2028,1,5.23,
30,2,2029,1,5.23,
30,2,2030,1,5.23,
30,2,2031,1,5.23,
30,2,2032,1,5.23,
30,2,2033,1,5.23,
30,2,2034,1,5.23,
30,2,2035,1,5.23,
30,2,2036,1,5.23,
30,2,2037,1,5.23,
30,2,2038,1,5.23,
30,2,2039,1,5.23,
30,2,2040,1,5.23,
30,2,2041,1,5.23,
30,2,2042,1,5.23,
30,2,2043,1,5.23,
30,2,2044,1,5.23,
30,2,2045,1,5.23,
30,2,2046,1,5.23,
30,2,2047,1,5.23,
30,2,2048,1,5.23,
30,2,2049,1,5.23,
30,2,2050,1,5.23,
30,3,2023,1,82.878,
30,3,2024,1,82.878,
30,3,2025,1,82.878,
30,3,2026,1,82.878,
30,3,2027,1,82.878,
30,3,2028,1,82.878,
30,3,2029,1,82.878,
30,3,2030,1,82.878,
30,3,2031,1,82.878,
30,3,2032,1,82.878,
30,3,2033,1,82.878,
30,3,2034,1,82.878,
30,3,2035,1,82.878,
30,3,2036,1,82.878,
30,3,2037,1,82.878,
30,3,2038,1,82.878,
30,3,2039,1,82.878,
30,3,2040,1,82.878,
30,3,2041,1,82.878,
30,3,2042,1,82.878,
30,3,2043,1,82.878,
30,3,2044,1,82.878,
30,3,2045,1,82.878,
30,3,2046,1,82.878,
30,3,2047,1,82.878,
30,3,2048,1,82.878,
30,3,2049,1,82.878,
30,3,2050,1,82.878,
31,1,2023,1,231.05,
31,1,2024,1,231.05,
31,1,2025,1,231.05,
31,1,2026,1,231.05,
31,1,2027,1,231.05,
31,1,2028,1,231.05,
31,1,2029,1,231.05,
31,1,2030,1,231.05,
31,1,2031,1,231.05,
31,1,2032,1,231.05,
31,1,2033,1,231.05,
31,1,2034,1,231.05,
31,1,2035,1,231.05,
31,1,2036,1,231.05,
31,1,2037,1,231.05,
31,1,2038,1,231.05,
31,1,2039,1,231.05,
31,1,2040,1,231.05,
31,1,2041,1,231.05,
31,1,2042,1,231.05,
31,1,2043,1,231.05,
31,1,2044,1,231.05,
31,1,2045,1,231.05,
31,1,2046,1,231.05,
31,1,2047,1,231.05,
31,1,2048,1,231.05,
31,1,2049,1,231.05,
31,1,2050,1,231.05,
31,2,2023,1,142.76,
31,2,2024,1,142.76,
31,2,2025,1,142.76,
31,2,2026,1,142.76,
31,2,2027,1,142.76,
31,2,2028,1,142.76,
31,2,2029,1,142.76,
31,2,2030,1,142.76,
31,2,2031,1,142.76,
31,2,2032,1,142.76,
31,2,2033,1,142.76,
31,2,2034,1,142.76,
31,2,2035,1,142.76,
31,2,2036,1,142.76,
31,2,2037,1,142.76,
31,2,2038,1,142.76,
31,2,2039,1,142.76,
31,2,2040,1,142.76,
31,2,2041,1,142.76,
31,2,2042,1,142.76,
31,2,2043,1,142.76,
31,2,2044,1,142.76,
31,2,2045,1,142.76,
31,2,2046,1,142.76,
31,2,2047,1,142.76,
31,2,2048,1,142.76,
31,2,2049,1,142.76,
31,2,2050,1,142.76,
31,3,2023,1,3338.912,
31,3,2024,1,3338.912,
31,3,2025,1,3338.912,
31,3,2026,1,3338.912,
31,3,2027,1,3338.912,
31,3,2028,1,3338.912,
31,3,2029,1,3338.912,
31,3,2030,1,3338.912,
31,3,2031,1,3338.912,
31,3,2032,1,3338.912,
31,3,2033,1,3338.912,
31,3,2034,1,3338.912,
31,3,2035,1,3338.912,
31,3,2036,1,3338.912,
31,3,2037,1,3338.912,
31,3,2038,1,3338.912,
31,3,2039,1,3338.912,
31,3,2040,1,3338.912,
31,3,2041,1,3338.912,
31,3,2042,1,3338.912,
31,3,2043,1,3338.912,
31,3,2044,1,3338.912,
31,3,2045,1,3338.912,
31,3,2046,1,3338.912,
31,3,2047,1,3338.912,
31,3,2048,1,3338.912,
31,3,2049,1,3338.912,
31,3,2050,1,3338.912,
32,1,2023,1,331.151,
32,1,2024,1,331.151,
32,1,2025,1,331.151,
32,1,2026,1,331.151,
32,1,2027,1,331.151,
32,1,2028,1,331.151,
32,1,2029,1,331.151,
32,1,2030,1,331.151,
32,1,2031,1,331.151,
32,1,2032,1,331.151,
32,1,2033,1,331.151,
32,1,2034,1,331.151,
32,1,2035,1,331.151,
32,1,2036,1,331.151,
32,1,2037,1,331.151,
32,1,2038,1,331.151,
32,1,2039,1,331.151,
32,1,2040,1,331.151,
32,1,2041,1,331.151,
32,1,2042,1,331.151,
32,1,2043,1,331.151,
32,1,2044,1,331.151,
32,1,2045,1,331.151,
32,1,2046,1,331.151,
32,1,2047,1,331.151,
32,1,2048,1,331.151,
32,1,2049,1,331.151,
32,1,2050,1,331.151,
32,2,2023,1,125.75,
32,2,2024,1,125.75,
32,2,2025,1,125.75,
32,2,2026,1,125.75,
32,2,2027,1,125.75,
32,2,2028,1,125.75,
32,2,2029,1,125.75,
32,2,2030,1,125.75,
32,2,2031,1,125.75,
32,2,2032,1,125.75,
32,2,2033,1,125.75,
32,2,2034,1,125.75,
32,2,2035,1,125.75,
32,2,2036,1,125.75,
32,2,2037,1,125.75,
32,2,2038,1,125.75,
32,2,2039,1,125.75,
32,2,2040,1,125.75,
32,2,2041,1,125.75,
32,2,2042,1,125.75,
32,2,2043,1,125.75,
32,2,2044,1,125.75,
32,2,2045,1,125.75,
32,2,2046,1,125.75,
32,2,2047,1,125.75,
32,2,2048,1,125.75,
32,2,2049,1,125.75,
32,2,2050,1,125.75,
32,3,2023,1,244.799,
32,3,2024,1,244.799,
32,3,2025,1,244.799,
32,3,2026,1,244.799,
32,3,2027,1,244.799,
32,3,2028,1,244.799,
32,3,2029,1,244.799,
32,3,2030,1,244.799,
32,3,2031,1,244.799,
32,3,2032,1,244.799,
32,3,2033,1,244.799,
32,3,2034,1,244.799,
32,3,2035,1,244.799,
32,3,2036,1,244.799,
32,3,2037,1,244.799,
32,3,2038,1,244.799,
32,3,2039,1,244.799,
32,3,2040,1,244.799,
32,3,2041,1,244.799,
32,3,2042,1,244.799,
32,3,2043,1,244.799,
32,3,2044,1,244.799,
32,3,2045,1,244.799,
32,3,2046,1,244.799,
32,3,2047,1,244.799,
32,3,2048,1,244.799,
32,3,2049,1,244.799,
32,3,2050,1,244.799,
33,3,2023,1,33.987,
33,3,2024,1,33.987,
33,3,2025,1,33.987,
33,3,2026,1,33.987,
33,3,2027,1,33.987,
33,3,2028,1,33.987,
33,3,2029,1,33.987,
33,3,2030,1,33.987,
33,3,2031,1,33.987,
33,3,2032,1,33.987,
33,3,2033,1,33.987,
33,3,2034,1,33.987,
33,3,2035,1,33.987,
33,3,2036,1,33.987,
33,3,2037,1,33.987,
33,3,2038,1,33.987,
33,3,2039,1,33.987,
33,3,2040,1,33.987,
33,3,2041,1,33.987,
33,3,2042,1,33.987,
33,3,2043,1,33.987,
33,3,2044,1,33.987,
33,3,2045,1,33.987,
33,3,2046,1,33.987,
33,3,2047,1,33.987,
33,3,2048,1,33.987,
33,3,2049,1,33.987,
33,3,2050,1,33.987,
33,4,2023,1,178.195,
33,4,2024,1,178.195,
33,4,2025,1,178.195,
33,4,2026,1,178.195,
33,4,2027,1,178.195,
33,4,2028,1,178.195,
33,4,2029,1,178.195,
33,4,2030,1,178.195,
33,4,2031,1,178.195,
33,4,2032,1,178.195,
33,4,2033,1,178.195,
33,4,2034,1,178.195,
33,4,2035,1,178.195,
33,4,2036,1,178.195,
33,4,2037,1,178.195,
33,4,2038,1,178.195,
33,4,2039,1,178.195,
33,4,2040,1,178.195,
33,4,2041,1,178.195,
33,4,2042,1,178.195,
33,4,2043,1,178.195,
33,4,2044,1,178.195,
33,4,2045,1,178.195,
33,4,2046,1,178.195,
33,4,2047,1,178.195,
33,4,2048,1,178.195,
33,4,2049,1,178.195,
33,4,2050,1,178.195,
29,1,2023,2,812.225,
29,1,2024,2,812.225,
29,1,2025,2,812.225,
29,1,2026,2,812.225,
29,1,2027,2,812.225,
29,1,2028,2,812.225,
29,1,2029,2,812.225,
29,1,2030,2,812.225,
29,1,2031,2,812.225,
29,1,2032,2,812.225,
29,1,2033,2,812.225,
29,1,2034,2,812.225,
29,1,2035,2,812.225,
29,1,2036,2,812.225,
29,1,2037,2,812.225,
29,1,2038,2,812.225,
29,1,2039,2,812.225,
29,1,2040,2,812.225,
29,1,2041,2,812.225,
29,1,2042,2,812.225,
29,1,2043,2,812.225,
29,1,2044,2,812.225,
29,1,2045,2,812.225,
29,1,2046,2,812.225,
29,1,2047,2,812.225,
29,1,2048,2,812.225,
29,1,2049,2,812.225,
29,1,2050,2,812.225,
29,2,2023,2,352.299,
29,2,2024,2,352.299,
29,2,2025,2,352.299,
29,2,2026,2,352.299,
29,2,2027,2,352.299,
29,2,2028,2,352.299,
29,2,2029,2,352.299,
29,2,2030,2,352.299,
29,2,2031,2,352.299,
29,2,2032,2,352.299,
29,2,2033,2,352.299,
29,2,2034,2,352.299,
29,2,2035,2,352.299,
29,2,2036,2,352.299,
29,2,2037,2,352.299,
29,2,2038,2,352.299,
29,2,2039,2,352.299,
29,2,2040,2,352.299,
29,2,2041,2,352.299,
29,2,2042,2,352.299,
29,2,2043,2,352.299,
29,2,2044,2,352.299,
29,2,2045,2,352.299,
29,2,2046,2,352.299,
29,2,2047,2,352.299,
29,2,2048,2,352.299,
29,2,2049,2,352.299,
29,2,2050,2,352.299,
29,3,2023,2,120.2,
29,3,2024,2,120.2,
29,3,2025,2,120.2,
29,3,2026,2,120.2,
29,3,2027,2,120.2,
29,3,2028,2,120.2,
29,3,2029,2,120.2,
29,3,2030,2,120.2,
29,3,2031,2,120.2,
29,3,2032,2,120.2,
29,3,2033,2,120.2,
29,3,2034,2,120.2,
29,3,2035,2,120.2,
29,3,2036,2,120.2,
29,3,2037,2,120.2,
29,3,2038,2,120.2,
29,3,2039,2,120.2,
29,3,2040,2,120.2,
29,3,2041,2,120.2,
29,3,2042,2,120.2,
29,3,2043,2,120.2,
29,3,2044,2,120.2,
29,3,2045,2,120.2,
29,3,2046,2,120.2,
29,3,2047,2,120.2,
29,3,2048,2,120.2,
29,3,2049,2,120.2,
29,3,2050,2,120.2,
29,4,2023,2,5.5,
29,4,2024,2,5.5,
29,4,2025,2,5.5,
29,4,2026,2,5.5,
29,4,2027,2,5.5,
29,4,2028,2,5.5,
29,4,2029,2,5.5,
29,4,2030,2,5.5,
29,4,2031,2,5.5,
29,4,2032,2,5.5,
29,4,2033,2,5.5,
29,4,2034,2,5.5,
29,4,2035,2,5.5,
29,4,2036,2,5.5,
29,4,2037,2,5.5,
29,4,2038,2,5.5,
29,4,2039,2,5.5,
29,4,2040,2,5.5,
29,4,2041,2,5.5,
29,4,2042,2,5.5,
29,4,2043,2,5.5,
29,4,2044,2,5.5,
29,4,2045,2,5.5,
29,4,2046,2,5.5,
29,4,2047,2,5.5,
29,4,2048,2,5.5,
29,4,2049,2,5.5,
29,4,2050,2,5.5,
30,1,2023,2,702.562,
30,1,2024,2,702.562,
30,1,2025,2,702.562,
30,1,2026,2,702.562,
30,1,2027,2,702.562,
30,1,2028,2,702.562,
30,1,2029,2,702.562,
30,1,2030,2,702.562,
30,1,2031,2,702.562,
30,1,2032,2,702.562,
30,1,2033,2,702.562,
30,1,2034,2,702.562,
30,1,2035,2,702.562,
30,1,2036,2,702.562,
30,1,2037,2,702.562,
30,1,2038,2,702.562,
30,1,2039,2,702.562,
30,1,2040,2,702.562,
30,1,2041,2,702.562,
30,1,2042,2,702.562,
30,1,2043,2,702.562,
30,1,2044,2,702.562,
30,1,2045,2,702.562,
30,1,2046,2,702.562,
30,1,2047,2,702.562,
30,1,2048,2,702.562,
30,1,2049,2,702.562,
30,1,2050,2,702.562,
30,2,2023,2,10.725,
30,2,2024,2,10.725,
30,2,2025,2,10.725,
30,2,2026,2,10.725,
30,2,2027,2,10.725,
30,2,2028,2,10.725,
30,2,2029,2,10.725,
30,2,2030,2,10.725,
30,2,2031,2,10.725,
30,2,2032,2,10.725,
30,2,2033,2,10.725,
30,2,2034,2,10.725,
30,2,2035,2,10.725,
30,2,2036,2,10.725,
30,2,2037,2,10.725,
30,2,2038,2,10.725,
30,2,2039,2,10.725,
30,2,2040,2,10.725,
30,2,2041,2,10.725,
30,2,2042,2,10.725,
30,2,2043,2,10.725,
30,2,2044,2,10.725,
30,2,2045,2,10.725,
30,2,2046,2,10.725,
30,2,2047,2,10.725,
30,2,2048,2,10.725,
30,2,2049,2,10.725,
30,2,2050,2,10.725,
30,3,2023,2,84.3,
30,3,2024,2,84.3,
30,3,2025,2,84.3,
30,3,2026,2,84.3,
30,3,2027,2,84.3,
30,3,2028,2,84.3,
30,3,2029,2,84.3,
30,3,2030,2,84.3,
30,3,2031,2,84.3,
30,3,2032,2,84.3,
30,3,2033,2,84.3,
30,3,2034,2,84.3,
30,3,2035,2,84.3,
30,3,2036,2,84.3,
30,3,2037,2,84.3,
30,3,2038,2,84.3,
30,3,2039,2,84.3,
30,3,2040,2,84.3,
30,3,2041,2,84.3,
30,3,2042,2,84.3,
30,3,2043,2,84.3,
30,3,2044,2,84.3,
30,3,2045,2,84.3,
30,3,2046,2,84.3,
30,3,2047,2,84.3,
30,3,2048,2,84.3,
30,3,2049,2,84.3,
30,3,2050,2,84.3,
31,1,2023,2,485.976,
31,1,2024,2,485.976,
31,1,2025,2,485.976,
31,1,2026,2,485.976,
31,1,2027,2,485.976,
31,1,2028,2,485.976,
31,1,2029,2,485.976,
31,1,2030,2,485.976,
31,1,2031,2,485.976,
31,1,2032,2,485.976,
31,1,2033,2,485.976,
31,1,2034,2,485.976,
31,1,2035,2,485.976,
31,1,2036,2,485.976,
31,1,2037,2,485.976,
31,1,2038,2,485.976,
31,1,2039,2,485.976,
31,1,2040,2,485.976,
31,1,2041,2,485.976,
31,1,2042,2,485.976,
31,1,2043,2,485.976,
31,1,2044,2,485.976,
31,1,2045,2,485.976,
31,1,2046,2,485.976,
31,1,2047,2,485.976,
31,1,2048,2,485.976,
31,1,2049,2,485.976,
31,1,2050,2,485.976,
31,2,2023,2,142.76,
31,2,2024,2,142.76,
31,2,2025,2,142.76,
31,2,2026,2,142.76,
31,2,2027,2,142.76,
31,2,2028,2,142.76,
31,2,2029,2,142.76,
31,2,2030,2,142.76,
31,2,2031,2,142.76,
31,2,2032,2,142.76,
31,2,2033,2,142.76,
31,2,2034,2,142.76,
31,2,2035,2,142.76,
31,2,2036,2,142.76,
31,2,2037,2,142.76,
31,2,2038,2,142.76,
31,2,2039,2,142.76,
31,2,2040,2,142.76,
31,2,2041,2,142.76,
31,2,2042,2,142.76,
31,2,2043,2,142.76,
31,2,2044,2,142.76,
31,2,2045,2,142.76,
31,2,2046,2,142.76,
31,2,2047,2,142.76,
31,2,2048,2,142.76,
31,2,2049,2,142.76,
31,2,2050,2,142.76,
31,3,2023,2,3134.561,
31,3,2024,2,3134.561,
31,3,2025,2,3134.561,
31,3,2026,2,3134.561,
31,3,2027,2,3134.561,
31,3,2028,2,3134.561,
31,3,2029,2,3134.561,
31,3,2030,2,3134.561,
31,3,2031,2,3134.561,
31,3,2032,2,3134.561,
31,3,2033,2,3134.561,
31,3,2034,2,3134.561,
31,3,2035,2,3134.561,
31,3,2036,2,3134.561,
31,3,2037,2,3134.561,
31,3,2038,2,3134.561,
31,3,2039,2,3134.561,
31,3,2040,2,3134.561,
31,3,2041,2,3134.561,
31,3,2042,2,3134.561,
31,3,2043,2,3134.561,
31,3,2044,2,3134.561,
31,3,2045,2,3134.561,
31,3,2046,2,3134.561,
31,3,2047,2,3134.561,
31,3,2048,2,3134.561,
31,3,2049,2,3134.561,
31,3,2050,2,3134.561,
32,1,2023,2,3523.111,
32,1,2024,2,3523.111,
32,1,2025,2,3523.111,
32,1,2026,2,3523.111,
32,1,2027,2,3523.111,
32,1,2028,2,3523.111,
32,1,2029,2,3523.111,
32,1,2030,2,3523.111,
32,1,2031,2,3523.111,
32,1,2032,2,3523.111,
32,1,2033,2,3523.111,
32,1,2034,2,3523.111,
32,1,2035,2,3523.111,
32,1,2036,2,3523.111,
32,1,2037,2,3523.111,
32,1,2038,2,3523.111,
32,1,2039,2,3523.111,
32,1,2040,2,3523.111,
32,1,2041,2,3523.111,
32,1,2042,2,3523.111,
32,1,2043,2,3523.111,
32,1,2044,2,3523.111,
32,1,2045,2,3523.111,
32,1,2046,2,3523.111,
32,1,2047,2,3523.111,
32,1,2048,2,3523.111,
32,1,2049,2,3523.111,
32,1,2050,2,3523.111,
32,2,2023,2,125.75,
32,2,2024,2,125.75,
32,2,2025,2,125.75,
32,2,2026,2,125.75,
32,2,2027,2,125.75,
32,2,2028,2,125.75,
32,2,2029,2,125.75,
32,2,2030,2,125.75,
32,2,2031,2,125.75,
32,2,2032,2,125.75,
32,2,2033,2,125.75,
32,2,2034,2,125.75,
32,2,2035,2,125.75,
32,2,2036,2,125.75,
32,2,2037,2,125.75,
32,2,2038,2,125.75,
32,2,2039,2,125.75,
32,2,2040,2,125.75,
32,2,2041,2,125.75,
32,2,2042,2,125.75,
32,2,2043,2,125.75,
32,2,2044,2,125.75,
32,2,2045,2,125.75,
32,2,2046,2,125.75,
32,2,2047,2,125.75,
32,2,2048,2,125.75,
32,2,2049,2,125.75,
32,2,2050,2,125.75,
32,3,2023,2,244.8,
32,3,2024,2,244.8,
32,3,2025,2,244.8,
32,3,2026,2,244.8,
32,3,2027,2,244.8,
32,3,2028,2,244.8,
32,3,2029,2,244.8,
32,3,2030,2,244.8,
32,3,2031,2,244.8,
32,3,2032,2,244.8,
32,3,2033,2,244.8,
32,3,2034,2,244.8,
32,3,2035,2,244.8,
32,3,2036,2,244.8,
32,3,2037,2,244.8,
32,3,2038,2,244.8,
32,3,2039,2,244.8,
32,3,2040,2,244.8,
32,3,2041,2,244.8,
32,3,2042,2,244.8,
32,3,2043,2,244.8,
32,3,2044,2,244.8,
32,3,2045,2,244.8,
32,3,2046,2,244.8,
32,3,2047,2,244.8,
32,3,2048,2,244.8,
32,3,2049,2,244.8,
32,3,2050,2,244.8,
33,1,2023,2,64.587,
33,1,2024,2,64.587,
33,1,2025,2,64.587,
33,1,2026,2,64.587,
33,1,2027,2,64.587,
33,1,2028,2,64.587,
33,1,2029,2,64.587,
33,1,2030,2,64.587,
33,1,2031,2,64.587,
33,1,2032,2,64.587,
33,1,2033,2,64.587,
33,1,2034,2,64.587,
33,1,2035,2,64.587,
33,1,2036,2,64.587,
33,1,2037,2,64.587,
33,1,2038,2,64.587,
33,1,2039,2,64.587,
33,1,2040,2,64.587,
33,1,2041,2,64.587,
33,1,2042,2,64.587,
33,1,2043,2,64.587,
33,1,2044,2,64.587,
33,1,2045,2,64.587,
33,1,2046,2,64.587,
33,1,2047,2,64.587,
33,1,2048,2,64.587,
33,1,2049,2,64.587,
33,1,2050,2,64.587,
33,2,2023,2,74.61,
33,2,2024,2,74.61,
33,2,2025,2,74.61,
33,2,2026,2,74.61,
33,2,2027,2,74.61,
33,2,2028,2,74.61,
33,2,2029,2,74.61,
33,2,2030,2,74.61,
33,2,2031,2,74.61,
33,2,2032,2,74.61,
33,2,2033,2,74.61,
33,2,2034,2,74.61,
33,2,2035,2,74.61,
33,2,2036,2,74.61,
33,2,2037,2,74.61,
33,2,2038,2,74.61,
33,2,2039,2,74.61,
33,2,2040,2,74.61,
33,2,2041,2,74.61,
33,2,2042,2,74.61,
33,2,2043,2,74.61,
33,2,2044,2,74.61,
33,2,2045,2,74.61,
33,2,2046,2,74.61,
33,2,2047,2,74.61,
33,2,2048,2,74.61,
33,2,2049,2,74.61,
33,2,2050,2,74.61,
33,3,2023,2,381.419,
33,3,2024,2,381.419,
33,3,2025,2,381.419,
33,3,2026,2,381.419,
33,3,2027,2,381.419,
33,3,2028,2,381.419,
33,3,2029,2,381.419,
33,3,2030,2,381.419,
33,3,2031,2,381.419,
33,3,2032,2,381.419,
33,3,2033,2,381.419,
33,3,2034,2,381.419,
33,3,2035,2,381.419,
33,3,2036,2,381.419,
33,3,2037,2,381.419,
33,3,2038,2,381.419,
33,3,2039,2,381.419,
33,3,2040,2,381.419,
33,3,2041,2,381.419,
33,3,2042,2,381.419,
33,3,2043,2,381.419,
33,3,2044,2,381.419,
33,3,2045,2,381.419,
33,3,2046,2,381.419,
33,3,2047,2,381.419,
33,3,2048,2,381.419,
33,3,2049,2,381.419,
33,3,2050,2,381.419,
33,4,2023,2,204.57,
33,4,2024,2,204.57,
33,4,2025,2,204.57,
33,4,2026,2,204.57,
33,4,2027,2,204.57,
33,4,2028,2,204.57,
33,4,2029,2,204.57,
33,4,2030,2,204.57,
33,4,2031,2,204.57,
33,4,2032,2,204.57,
33,4,2033,2,204.57,
33,4,2034,2,204.57,
33,4,2035,2,204.57,
33,4,2036,2,204.57,
33,4,2037,2,204.57,
33,4,2038,2,204.57,
33,4,2039,2,204.57,
33,4,2040,2,204.57,
33,4,2041,2,204.57,
33,4,2042,2,204.57,
33,4,2043,2,204.57,
33,4,2044,2,204.57,
33,4,2045,2,204.57,
33,4,2046,2,204.57,
33,4,2047,2,204.57,
33,4,2048,2,204.57,
33,4,2049,2,204.57,
33,4,2050,2,204.57,
29,1,2023,3,812.649,
29,1,2024,3,812.649,
29,1,2025,3,812.649,
29,1,2026,3,812.649,
29,1,2027,3,812.649,
29,1,2028,3,812.649,
29,1,2029,3,812.649,
29,1,2030,3,812.649,
29,1,2031,3,812.649,
29,1,2032,3,812.649,
29,1,2033,3,812.649,
29,1,2034,3,812.649,
29,1,2035,3,812.649,
29,1,2036,3,812.649,
29,1,2037,3,812.649,
29,1,2038,3,812.649,
29,1,2039,3,812.649,
29,1,2040,3,812.649,
29,1,2041,3,812.649,
29,1,2042,3,812.649,
29,1,2043,3,812.649,
29,1,2044,3,812.649,
29,1,2045,3,812.649,
29,1,2046,3,812.649,
29,1,2047,3,812.649,
29,1,2048,3,812.649,
29,1,2049,3,812.649,
29,1,2050,3,812.649,
29,2,2023,3,352.3,
29,2,2024,3,352.3,
29,2,2025,3,352.3,
29,2,2026,3,352.3,
29,2,2027,3,352.3,
29,2,2028,3,352.3,
29,2,2029,3,352.3,
29,2,2030,3,352.3,
29,2,2031,3,352.3,
29,2,2032,3,352.3,
29,2,2033,3,352.3,
29,2,2034,3,352.3,
29,2,2035,3,352.3,
29,2,2036,3,352.3,
29,2,2037,3,352.3,
29,2,2038,3,352.3,
29,2,2039,3,352.3,
29,2,2040,3,352.3,
29,2,2041,3,352.3,
29,2,2042,3,352.3,
29,2,2043,3,352.3,
29,2,2044,3,352.3,
29,2,2045,3,352.3,
29,2,2046,3,352.3,
29,2,2047,3,352.3,
29,2,2048,3,352.3,
29,2,2049,3,352.3,
29,2,2050,3,352.3,
29,3,2023,3,120.2,
29,3,2024,3,120.2,
29,3,2025,3,120.2,
29,3,2026,3,120.2,
29,3,2027,3,120.2,
29,3,2028,3,120.2,
29,3,2029,3,120.2,
29,3,2030,3,120.2,
29,3,2031,3,120.2,
29,3,2032,3,120.2,
29,3,2033,3,120.2,
29,3,2034,3,120.2,
29,3,2035,3,120.2,
29,3,2036,3,120.2,
29,3,2037,3,120.2,
29,3,2038,3,120.2,
29,3,2039,3,120.2,
29,3,2040,3,120.2,
29,3,2041,3,120.2,
29,3,2042,3,120.2,
29,3,2043,3,120.2,
29,3,2044,3,120.2,
29,3,2045,3,120.2,
29,3,2046,3,120.2,
29,3,2047,3,120.2,
29,3,2048,3,120.2,
29,3,2049,3,120.2,
29,3,2050,3,120.2,
29,4,2023,3,5.5,
29,4,2024,3,5.5,
29,4,2025,3,5.5,
29,4,2026,3,5.5,
29,4,2027,3,5.5,
29,4,2028,3,5.5,
29,4,2029,3,5.5,
29,4,2030,3,5.5,
29,4,2031,3,5.5,
29,4,2032,3,5.5,
29,4,2033,3,5.5,
29,4,2034,3,5.5,
29,4,2035,3,5.5,
29,4,2036,3,5.5,
29,4,2037,3,5.5,
29,4,2038,3,5.5,
29,4,2039,3,5.5,
29,4,2040,3,5.5,
29,4,2041,3,5.5,
29,4,2042,3,5.5,
29,4,2043,3,5.5,
29,4,2044,3,5.5,
29,4,2045,3,5.5,
29,4,2046,3,5.5,
29,4,2047,3,5.5,
29,4,2048,3,5.5,
29,4,2049,3,5.5,
29,4,2050,3,5.5,
30,1,2023,3,503.437,
30,1,2024,3,503.437,
30,1,2025,3,503.437,
30,1,2026,3,503.437,
30,1,2027,3,503.437,
30,1,2028,3,503.437,
30,1,2029,3,503.437,
30,1,2030,3,503.437,
30,1,2031,3,503.437,
30,1,2032,3,503.437,
30,1,2033,3,503.437,
30,1,2034,3,503.437,
30,1,2035,3,503.437,
30,1,2036,3,503.437,
30,1,2037,3,503.437,
30,1,2038,3,503.437,
30,1,2039,3,503.437,
30,1,2040,3,503.437,
30,1,2041,3,503.437,
30,1,2042,3,503.437,
30,1,2043,3,503.437,
30,1,2044,3,503.437,
30,1,2045,3,503.437,
30,1,2046,3,503.437,
30,1,2047,3,503.437,
30,1,2048,3,503.437,
30,1,2049,3,503.437,
30,1,2050,3,503.437,
30,2,2023,3,10.725,
30,2,2024,3,10.725,
30,2,2025,3,10.725,
30,2,2026,3,10.725,
30,2,2027,3,10.725,
30,2,2028,3,10.725,
30,2,2029,3,10.725,
30,2,2030,3,10.725,
30,2,2031,3,10.725,
30,2,2032,3,10.725,
30,2,2033,3,10.725,
30,2,2034,3,10.725,
30,2,2035,3,10.725,
30,2,2036,3,10.725,
30,2,2037,3,10.725,
30,2,2038,3,10.725,
30,2,2039,3,10.725,
30,2,2040,3,10.725,
30,2,2041,3,10.725,
30,2,2042,3,10.725,
30,2,2043,3,10.725,
30,2,2044,3,10.725,
30,2,2045,3,10.725,
30,2,2046,3,10.725,
30,2,2047,3,10.725,
30,2,2048,3,10.725,
30,2,2049,3,10.725,
30,2,2050,3,10.725,
30,3,2023,3,84.3,
30,3,2024,3,84.3,
30,3,2025,3,84.3,
30,3,2026,3,84.3,
30,3,2027,3,84.3,
30,3,2028,3,84.3,
30,3,2029,3,84.3,
30,3,2030,3,84.3,
30,3,2031,3,84.3,
30,3,2032,3,84.3,
30,3,2033,3,84.3,
30,3,2034,3,84.3,
30,3,2035,3,84.3,
30,3,2036,3,84.3,
30,3,2037,3,84.3,
30,3,2038,3,84.3,
30,3,2039,3,84.3,
30,3,2040,3,84.3,
30,3,2041,3,84.3,
30,3,2042,3,84.3,
30,3,2043,3,84.3,
30,3,2044,3,84.3,
30,3,2045,3,84.3,
30,3,2046,3,84.3,
30,3,2047,3,84.3,
30,3,2048,3,84.3,
30,3,2049,3,84.3,
30,3,2050,3,84.3,
31,1,2023,3,912.279,
31,1,2024,3,912.279,
31,1,2025,3,912.279,
31,1,2026,3,912.279,
31,1,2027,3,912.279,
31,1,2028,3,912.279,
31,1,2029,3,912.279,
31,1,2030,3,912.279,
31,1,2031,3,912.279,
31,1,2032,3,912.279,
31,1,2033,3,912.279,
31,1,2034,3,912.279,
31,1,2035,3,912.279,
31,1,2036,3,912.279,
31,1,2037,3,912.279,
31,1,2038,3,912.279,
31,1,2039,3,912.279,
31,1,2040,3,912.279,
31,1,2041,3,912.279,
31,1,2042,3,912.279,
31,1,2043,3,912.279,
31,1,2044,3,912.279,
31,1,2045,3,912.279,
31,1,2046,3,912.279,
31,1,2047,3,912.279,
31,1,2048,3,912.279,
31,1,2049,3,912.279,
31,1,2050,3,912.279,
31,2,2023,3,142.76,
31,2,2024,3,142.76,
31,2,2025,3,142.76,
31,2,2026,3,142.76,
31,2,2027,3,142.76,
31,2,2028,3,142.76,
31,2,2029,3,142.76,
31,2,2030,3,142.76,
31,2,2031,3,142.76,
31,2,2032,3,142.76,
31,2,2033,3,142.76,
31,2,2034,3,142.76,
31,2,2035,3,142.76,
31,2,2036,3,142.76,
31,2,2037,3,142.76,
31,2,2038,3,142.76,
31,2,2039,3,142.76,
31,2,2040,3,142.76,
31,2,2041,3,142.76,
31,2,2042,3,142.76,
31,2,2043,3,142.76,
31,2,2044,3,142.76,
31,2,2045,3,142.76,
31,2,2046,3,142.76,
31,2,2047,3,142.76,
31,2,2048,3,142.76,
31,2,2049,3,142.76,
31,2,2050,3,142.76,
31,3,2023,3,2944.957,
31,3,2024,3,2944.957,
31,3,2025,3,2944.957,
31,3,2026,3,2944.957,
31,3,2027,3,2944.957,
31,3,2028,3,2944.957,
31,3,2029,3,2944.957,
31,3,2030,3,2944.957,
31,3,2031,3,2944.957,
31,3,2032,3,2944.957,
31,3,2033,3,2944.957,
31,3,2034,3,2944.957,
31,3,2035,3,2944.957,
31,3,2036,3,2944.957,
31,3,2037,3,2944.957,
31,3,2038,3,2944.957,
31,3,2039,3,2944.957,
31,3,2040,3,2944.957,
31,3,2041,3,2944.957,
31,3,2042,3,2944.957,
31,3,2043,3,2944.957,
31,3,2044,3,2944.957,
31,3,2045,3,2944.957,
31,3,2046,3,2944.957,
31,3,2047,3,2944.957,
31,3,2048,3,2944.957,
31,3,2049,3,2944.957,
31,3,2050,3,2944.957,
32,1,2023,3,3148.046,
32,1,2024,3,3148.046,
32,1,2025,3,3148.046,
32,1,2026,3,3148.046,
32,1,2027,3,3148.046,
32,1,2028,3,3148.046,
32,1,2029,3,3148.046,
32,1,2030,3,3148.046,
32,1,2031,3,3148.046,
32,1,2032,3,3148.046,
32,1,2033,3,3148.046,
32,1,2034,3,3148.046,
32,1,2035,3,3148.046,
32,1,2036,3,3148.046,
32,1,2037,3,3148.046,
32,1,2038,3,3148.046,
32,1,2039,3,3148.046,
32,1,2040,3,3148.046,
32,1,2041,3,3148.046,
32,1,2042,3,3148.046,
32,1,2043,3,3148.046,
32,1,2044,3,3148.046,
32,1,2045,3,3148.046,
32,1,2046,3,3148.046,
32,1,2047,3,3148.046,
32,1,2048,3,3148.046,
32,1,2049,3,3148.046,
32,1,2050,3,3148.046,
32,2,2023,3,125.75,
32,2,2024,3,125.75,
32,2,2025,3,125.75,
32,2,2026,3,125.75,
32,2,2027,3,125.75,
32,2,2028,3,125.75,
32,2,2029,3,125.75,
32,2,2030,3,125.75,
32,2,2031,3,125.75,
32,2,2032,3,125.75,
32,2,2033,3,125.75,
32,2,2034,3,125.75,
32,2,2035,3,125.75,
32,2,2036,3,125.75,
32,2,2037,3,125.75,
32,2,2038,3,125.75,
32,2,2039,3,125.75,
32,2,2040,3,125.75,
32,2,2041,3,125.75,
32,2,2042,3,125.75,
32,2,2043,3,125.75,
32,2,2044,3,125.75,
32,2,2045,3,125.75,
32,2,2046,3,125.75,
32,2,2047,3,125.75,
32,2,2048,3,125.75,
32,2,2049,3,125.75,
32,2,2050,3,125.75,
32,3,2023,3,244.8,
32,3,2024,3,244.8,
32,3,2025,3,244.8,
32,3,2026,3,244.8,
32,3,2027,3,244.8,
32,3,2028,3,244.8,
32,3,2029,3,244.8,
32,3,2030,3,244.8,
32,3,2031,3,244.8,
32,3,2032,3,244.8,
32,3,2033,3,244.8,
32,3,2034,3,244.8,
32,3,2035,3,244.8,
32,3,2036,3,244.8,
32,3,2037,3,244.8,
32,3,2038,3,244.8,
32,3,2039,3,244.8,
32,3,2040,3,244.8,
32,3,2041,3,244.8,
32,3,2042,3,244.8,
32,3,2043,3,244.8,
32,3,2044,3,244.8,
32,3,2045,3,244.8,
32,3,2046,3,244.8,
32,3,2047,3,244.8,
32,3,2048,3,244.8,
32,3,2049,3,244.8,
32,3,2050,3,244.8,
33,2,2023,3,3.129,
33,2,2024,3,3.129,
33,2,2025,3,3.129,
33,2,2026,3,3.129,
33,2,2027,3,3.129,
33,2,2028,3,3.129,
33,2,2029,3,3.129,
33,2,2030,3,3.129,
33,2,2031,3,3.129,
33,2,2032,3,3.129,
33,2,2033,3,3.129,
33,2,2034,3,3.129,
33,2,2035,3,3.129,
33,2,2036,3,3.129,
33,2,2037,3,3.129,
33,2,2038,3,3.129,
33,2,2039,3,3.129,
33,2,2040,3,3.129,
33,2,2041,3,3.129,
33,2,2042,3,3.129,
33,2,2043,3,3.129,
33,2,2044,3,3.129,
33,2,2045,3,3.129,
33,2,2046,3,3.129,
33,2,2047,3,3.129,
33,2,2048,3,3.129,
33,2,2049,3,3.129,
33,2,2050,3,3.129,
33,3,2023,3,322.245,
33,3,2024,3,322.245,
33,3,2025,3,322.245,
33,3,2026,3,322.245,
33,3,2027,3,322.245,
33,3,2028,3,322.245,
33,3,2029,3,322.245,
33,3,2030,3,322.245,
33,3,2031,3,322.245,
33,3,2032,3,322.245,
33,3,2033,3,322.245,
33,3,2034,3,322.245,
33,3,2035,3,322.245,
33,3,2036,3,322.245,
33,3,2037,3,322.245,
33,3,2038,3,322.245,
33,3,2039,3,322.245,
33,3,2040,3,322.245,
33,3,2041,3,322.245,
33,3,2042,3,322.245,
33,3,2043,3,322.245,
33,3,2044,3,322.245,
33,3,2045,3,322.245,
33,3,2046,3,322.245,
33,3,2047,3,322.245,
33,3,2048,3,322.245,
33,3,2049,3,322.245,
33,3,2050,3,322.245,
33,4,2023,3,204.57,
33,4,2024,3,204.57,
33,4,2025,3,204.57,
33,4,2026,3,204.57,
33,4,2027,3,204.57,
33,4,2028,3,204.57,
33,4,2029,3,204.57,
33,4,2030,3,204.57,
33,4,2031,3,204.57,
33,4,2032,3,204.57,
33,4,2033,3,204.57,
33,4,2034,3,204.57,
33,4,2035,3,204.57,
33,4,2036,3,204.57,
33,4,2037,3,204.57,
33,4,2038,3,204.57,
33,4,2039,3,204.57,
33,4,2040,3,204.57,
33,4,2041,3,204.57,
33,4,2042,3,204.57,
33,4,2043,3,204.57,
33,4,2044,3,204.57,
33,4,2045,3,204.57,
33,4,2046,3,204.57,
33,4,2047,3,204.57,
33,4,2048,3,204.57,
33,4,2049,3,204.57,
33,4,2050,3,204.57,
29,1,2023,4,812.649,
29,1,2024,4,812.649,
29,1,2025,4,812.649,
29,1,2026,4,812.649,
29,1,2027,4,812.649,
29,1,2028,4,812.649,
29,1,2029,4,812.649,
29,1,2030,4,812.649,
29,1,2031,4,812.649,
29,1,2032,4,812.649,
29,1,2033,4,812.649,
29,1,2034,4,812.649,
29,1,2035,4,812.649,
29,1,2036,4,812.649,
29,1,2037,4,812.649,
29,1,2038,4,812.649,
29,1,2039,4,812.649,
29,1,2040,4,812.649,
29,1,2041,4,812.649,
29,1,2042,4,812.649,
29,1,2043,4,812.649,
29,1,2044,4,812.649,
29,1,2045,4,812.649,
29,1,2046,4,812.649,
29,1,2047,4,812.649,
29,1,2048,4,812.649,
29,1,2049,4,812.649,
29,1,2050,4,812.649,
29,2,2023,4,352.3,
29,2,2024,4,352.3,
29,2,2025,4,352.3,
29,2,2026,4,352.3,
29,2,2027,4,352.3,
29,2,2028,4,352.3,
29,2,2029,4,352.3,
29,2,2030,4,352.3,
29,2,2031,4,352.3,
29,2,2032,4,352.3,
29,2,2033,4,352.3,
29,2,2034,4,352.3,
29,2,2035,4,352.3,
29,2,2036,4,352.3,
29,2,2037,4,352.3,
29,2,2038,4,352.3,
29,2,2039,4,352.3,
29,2,2040,4,352.3,
29,2,2041,4,352.3,
29,2,2042,4,352.3,
29,2,2043,4,352.3,
29,2,2044,4,352.3,
29,2,2045,4,352.3,
29,2,2046,4,352.3,
29,2,2047,4,352.3,
29,2,2048,4,352.3,
29,2,2049,4,352.3,
29,2,2050,4,352.3,
29,3,2023,4,120.2,
29,3,2024,4,120.2,
29,3,2025,4,120.2,
29,3,2026,4,120.2,
29,3,2027,4,120.2,
29,3,2028,4,120.2,
29,3,2029,4,120.2,
29,3,2030,4,120.2,
29,3,2031,4,120.2,
29,3,2032,4,120.2,
29,3,2033,4,120.2,
29,3,2034,4,120.2,
29,3,2035,4,120.2,
29,3,2036,4,120.2,
29,3,2037,4,120.2,
29,3,2038,4,120.2,
29,3,2039,4,120.2,
29,3,2040,4,120.2,
29,3,2041,4,120.2,
29,3,2042,4,120.2,
29,3,2043,4,120.2,
29,3,2044,4,120.2,
29,3,2045,4,120.2,
29,3,2046,4,120.2,
29,3,2047,4,120.2,
29,3,2048,4,120.2,
29,3,2049,4,120.2,
29,3,2050,4,120.2,
29,4,2023,4,5.5,
29,4,2024,4,5.5,
29,4,2025,4,5.5,
29,4,2026,4,5.5,
29,4,2027,4,5.5,
29,4,2028,4,5.5,
29,4,2029,4,5.5,
29,4,2030,4,5.5,
29,4,2031,4,5.5,
29,4,2032,4,5.5,
29,4,2033,4,5.5,
29,4,2034,4,5.5,
29,4,2035,4,5.5,
29,4,2036,4,5.5,
29,4,2037,4,5.5,
29,4,2038,4,5.5,
29,4,2039,4,5.5,
29,4,2040,4,5.5,
29,4,2041,4,5.5,
29,4,2042,4,5.5,
29,4,2043,4,5.5,
29,4,2044,4,5.5,
29,4,2045,4,5.5,
29,4,2046,4,5.5,
29,4,2047,4,5.5,
29,4,2048,4,5.5,
29,4,2049,4,5.5,
29,4,2050,4,5.5,
30,1,2023,4,503.437,
30,1,2024,4,503.437,
30,1,2025,4,503.437,
30,1,2026,4,503.437,
30,1,2027,4,503.437,
30,1,2028,4,503.437,
30,1,2029,4,503.437,
30,1,2030,4,503.437,
30,1,2031,4,503.437,
30,1,2032,4,503.437,
30,1,2033,4,503.437,
30,1,2034,4,503.437,
30,1,2035,4,503.437,
30,1,2036,4,503.437,
30,1,2037,4,503.437,
30,1,2038,4,503.437,
30,1,2039,4,503.437,
30,1,2040,4,503.437,
30,1,2041,4,503.437,
30,1,2042,4,503.437,
30,1,2043,4,503.437,
30,1,2044,4,503.437,
30,1,2045,4,503.437,
30,1,2046,4,503.437,
30,1,2047,4,503.437,
30,1,2048,4,503.437,
30,1,2049,4,503.437,
30,1,2050,4,503.437,
30,2,2023,4,10.725,
30,2,2024,4,10.725,
30,2,2025,4,10.725,
30,2,2026,4,10.725,
30,2,2027,4,10.725,
30,2,2028,4,10.725,
30,2,2029,4,10.725,
30,2,2030,4,10.725,
30,2,2031,4,10.725,
30,2,2032,4,10.725,
30,2,2033,4,10.725,
30,2,2034,4,10.725,
30,2,2035,4,10.725,
30,2,2036,4,10.725,
30,2,2037,4,10.725,
30,2,2038,4,10.725,
30,2,2039,4,10.725,
30,2,2040,4,10.725,
30,2,2041,4,10.725,
30,2,2042,4,10.725,
30,2,2043,4,10.725,
30,2,2044,4,10.725,
30,2,2045,4,10.725,
30,2,2046,4,10.725,
30,2,2047,4,10.725,
30,2,2048,4,10.725,
30,2,2049,4,10.725,
30,2,2050,4,10.725,
30,3,2023,4,84.3,
30,3,2024,4,84.3,
30,3,2025,4,84.3,
30,3,2026,4,84.3,
30,3,2027,4,84.3,
30,3,2028,4,84.3,
30,3,2029,4,84.3,
30,3,2030,4,84.3,
30,3,2031,4,84.3,
30,3,2032,4,84.3,
30,3,2033,4,84.3,
30,3,2034,4,84.3,
30,3,2035,4,84.3,
30,3,2036,4,84.3,
30,3,2037,4,84.3,
30,3,2038,4,84.3,
30,3,2039,4,84.3,
30,3,2040,4,84.3,
30,3,2041,4,84.3,
30,3,2042,4,84.3,
30,3,2043,4,84.3,
30,3,2044,4,84.3,
30,3,2045,4,84.3,
30,3,2046,4,84.3,
30,3,2047,4,84.3,
30,3,2048,4,84.3,
30,3,2049,4,84.3,
30,3,2050,4,84.3,
31,1,2023,4,912.279,
31,1,2024,4,912.279,
31,1,2025,4,912.279,
31,1,2026,4,912.279,
31,1,2027,4,912.279,
31,1,2028,4,912.279,
31,1,2029,4,912.279,
31,1,2030,4,912.279,
31,1,2031,4,912.279,
31,1,2032,4,912.279,
31,1,2033,4,912.279,
31,1,2034,4,912.279,
31,1,2035,4,912.279,
31,1,2036,4,912.279,
31,1,2037,4,912.279,
31,1,2038,4,912.279,
31,1,2039,4,912.279,
31,1,2040,4,912.279,
31,1,2041,4,912.279,
31,1,2042,4,912.279,
31,1,2043,4,912.279,
31,1,2044,4,912.279,
31,1,2045,4,912.279,
31,1,2046,4,912.279,
31,1,2047,4,912.279,
31,1,2048,4,912.279,
31,1,2049,4,912.279,
31,1,2050,4,912.279,
31,2,2023,4,142.76,
31,2,2024,4,142.76,
31,2,2025,4,142.76,
31,2,2026,4,142.76,
31,2,2027,4,142.76,
31,2,2028,4,142.76,
31,2,2029,4,142.76,
31,2,2030,4,142.76,
31,2,2031,4,142.76,
31,2,2032,4,142.76,
31,2,2033,4,142.76,
31,2,2034,4,142.76,
31,2,2035,4,142.76,
31,2,2036,4,142.76,
31,2,2037,4,142.76,
31,2,2038,4,142.76,
31,2,2039,4,142.76,
31,2,2040,4,142.76,
31,2,2041,4,142.76,
31,2,2042,4,142.76,
31,2,2043,4,142.76,
31,2,2044,4,142.76,
31,2,2045,4,142.76,
31,2,2046,4,142.76,
31,2,2047,4,142.76,
31,2,2048,4,142.76,
31,2,2049,4,142.76,
31,2,2050,4,142.76,
31,3,2023,4,2944.957,
31,3,2024,4,2944.957,
31,3,2025,4,2944.957,
31,3,2026,4,2944.957,
31,3,2027,4,2944.957,
31,3,2028,4,2944.957,
31,3,2029,4,2944.957,
31,3,2030,4,2944.957,
31,3,2031,4,2944.957,
31,3,2032,4,2944.957,
31,3,2033,4,2944.957,
31,3,2034,4,2944.957,
31,3,2035,4,2944.957,
31,3,2036,4,2944.957,
31,3,2037,4,2944.957,
31,3,2038,4,2944.957,
31,3,2039,4,2944.957,
31,3,2040,4,2944.957,
31,3,2041,4,2944.957,
31,3,2042,4,2944.957,
31,3,2043,4,2944.957,
31,3,2044,4,2944.957,
31,3,2045,4,2944.957,
31,3,2046,4,2944.957,
31,3,2047,4,2944.957,
31,3,2048,4,2944.957,
31,3,2049,4,2944.957,
31,3,2050,4,2944.957,
32,1,2023,4,3148.046,
32,1,2024,4,3148.046,
32,1,2025,4,3148.046,
32,1,2026,4,3148.046,
32,1,2027,4,3148.046,
32,1,2028,4,3148.046,
32,1,2029,4,3148.046,
32,1,2030,4,3148.046,
32,1,2031,4,3148.046,
32,1,2032,4,3148.046,
32,1,2033,4,3148.046,
32,1,2034,4,3148.046,
32,1,2035,4,3148.046,
32,1,2036,4,3148.046,
32,1,2037,4,3148.046,
32,1,2038,4,3148.046,
32,1,2039,4,3148.046,
32,1,2040,4,3148.046,
32,1,2041,4,3148.046,
32,1,2042,4,3148.046,
32,1,2043,4,3148.046,
32,1,2044,4,3148.046,
32,1,2045,4,3148.046,
32,1,2046,4,3148.046,
32,1,2047,4,3148.046,
32,1,2048,4,3148.046,
32,1,2049,4,3148.046,
32,1,2050,4,3148.046,
32,2,2023,4,125.75,
32,2,2024,4,125.75,
32,2,2025,4,125.75,
32,2,2026,4,125.75,
32,2,2027,4,125.75,
32,2,2028,4,125.75,
32,2,2029,4,125.75,
32,2,2030,4,125.75,
32,2,2031,4,125.75,
32,2,2032,4,125.75,
32,2,2033,4,125.75,
32,2,2034,4,125.75,
32,2,2035,4,125.75,
32,2,2036,4,125.75,
32,2,2037,4,125.75,
32,2,2038,4,125.75,
32,2,2039,4,125.75,
32,2,2040,4,125.75,
32,2,2041,4,125.75,
32,2,2042,4,125.75,
32,2,2043,4,125.75,
32,2,2044,4,125.75,
32,2,2045,4,125.75,
32,2,2046,4,125.75,
32,2,2047,4,125.75,
32,2,2048,4,125.75,
32,2,2049,4,125.75,
32,2,2050,4,125.75,
32,3,2023,4,244.8,
32,3,2024,4,244.8,
32,3,2025,4,244.8,
32,3,2026,4,244.8,
32,3,2027,4,244.8,
32,3,2028,4,244.8,
32,3,2029,4,244.8,
32,3,2030,4,244.8,
32,3,2031,4,244.8,
32,3,2032,4,244.8,
32,3,2033,4,244.8,
32,3,2034,4,244.8,
32,3,2035,4,244.8,
32,3,2036,4,244.8,
32,3,2037,4,244.8,
32,3,2038,4,244.8,
32,3,2039,4,244.8,
32,3,2040,4,244.8,
32,3,2041,4,244.8,
32,3,2042,4,244.8,
32,3,2043,4,244.8,
32,3,2044,4,244.8,
32,3,2045,4,244.8,
32,3,2046,4,244.8,
32,3,2047,4,244.8,
32,3,2048,4,244.8,
32,3,2049,4,244.8,
32,3,2050,4,244.8,
33,2,2023,4,3.129,
33,2,2024,4,3.129,
33,2,2025,4,3.129,
33,2,2026,4,3.129,
33,2,2027,4,3.129,
33,2,2028,4,3.129,
33,2,2029,4,3.129,
33,2,2030,4,3.129,
33,2,2031,4,3.129,
33,2,2032,4,3.129,
33,2,2033,4,3.129,
33,2,2034,4,3.129,
33,2,2035,4,3.129,
33,2,2036,4,3.129,
33,2,2037,4,3.129,
33,2,2038,4,3.129,
33,2,2039,4,3.129,
33,2,2040,4,3.129,
33,2,2041,4,3.129,
33,2,2042,4,3.129,
33,2,2043,4,3.129,
33,2,2044,4,3.129,
33,2,2045,4,3.129,
33,2,2046,4,3.129,
33,2,2047,4,3.129,
33,2,2048,4,3.129,
33,2,2049,4,3.129,
33,2,2050,4,3.129,
33,3,2023,4,322.245,
33,3,2024,4,322.245,
33,3,2025,4,322.245,
33,3,2026,4,322.245,
33,3,2027,4,322.245,
33,3,2028,4,322.245,
33,3,2029,4,322.245,
33,3,2030,4,322.245,
33,3,2031,4,322.245,
33,3,2032,4,322.245,
33,3,2033,4,322.245,
33,3,2034,4,322.245,
33,3,2035,4,322.245,
33,3,2036,4,322.245,
33,3,2037,4,322.245,
33,3,2038,4,322.245,
33,3,2039,4,322.245,
33,3,2040,4,322.245,
33,3,2041,4,322.245,
33,3,2042,4,322.245,
33,3,2043,4,322.245,
33,3,2044,4,322.245,
33,3,2045,4,322.245,
33,3,2046,4,322.245,
33,3,2047,4,322.245,
33,3,2048,4,322.245,
33,3,2049,4,322.245,
33,3,2050,4,322.245,
33,4,2023,4,204.57,
33,4,2024,4,204.57,
33,4,2025,4,204.57,
33,4,2026,4,204.57,
33,4,2027,4,204.57,
33,4,2028,4,204.57,
33,4,2029,4,204.57,
33,4,2030,4,204.57,
33,4,2031,4,204.57,
33,4,2032,4,204.57,
33,4,2033,4,204.57,
33,4,2034,4,204.57,
33,4,2035,4,204.57,
33,4,2036,4,204.57,
33,4,2037,4,204.57,
33,4,2038,4,204.57,
33,4,2039,4,204.57,
33,4,2040,4,204.57,
33,4,2041,4,204.57,
33,4,2042,4,204.57,
33,4,2043,4,204.57,
33,4,2044,4,204.57,
33,4,2045,4,204.57,
33,4,2046,4,204.57,
33,4,2047,4,204.57,
33,4,2048,4,204.57,
33,4,2049,4,204.57,
33,4,2050,4,204.57,
