region,tech,step,year,capacity
CA,NG_Fired_Plant,1,2030,0.15
CA,NG_Fired_Plant,2,2030,0.15
CA,NG_Fired_Plant,3,2030,0.15
TX,NG_Fired_Plant,1,2030,3.98
TX,NG_Fired_Plant,2,2030,3.98
TX,NG_Fired_Plant,3,2030,3.98
NY,NG_Fired_Plant,1,2030,0
NY,NG_Fired_Plant,2,2030,0
NY,NG_Fired_Plant,3,2030,0
CA,NG_Fired_Plant,1,2031,0.15
CA,NG_Fired_Plant,2,2031,0.15
CA,NG_Fired_Plant,3,2031,0.15
TX,NG_Fired_Plant,1,2031,3.98
TX,NG_Fired_Plant,2,2031,3.98
TX,NG_Fired_Plant,3,2031,3.98
NY,NG_Fired_Plant,1,2031,0
NY,NG_Fired_Plant,2,2031,0
NY,NG_Fired_Plant,3,2031,0
CA,NG_Fired_Plant,1,2032,0.15
CA,NG_Fired_Plant,2,2032,0.15
CA,NG_Fired_Plant,3,2032,0.15
TX,NG_Fired_Plant,1,2032,3.98
TX,NG_Fired_Plant,2,2032,3.98
TX,NG_Fired_Plant,3,2032,3.98
NY,NG_Fired_Plant,1,2032,0
NY,NG_Fired_Plant,2,2032,0
NY,NG_Fired_Plant,3,2032,0
CA,NG_Fired_Plant,1,2033,0.15
CA,NG_Fired_Plant,2,2033,0.15
CA,NG_Fired_Plant,3,2033,0.15
TX,NG_Fired_Plant,1,2033,3.98
TX,NG_Fired_Plant,2,2033,3.98
TX,NG_Fired_Plant,3,2033,3.98
NY,NG_Fired_Plant,1,2033,0
NY,NG_Fired_Plant,2,2033,0
NY,NG_Fired_Plant,3,2033,0
CA,NG_Fired_Plant,1,2034,0.15
CA,NG_Fired_Plant,2,2034,0.15
CA,NG_Fired_Plant,3,2034,0.15
TX,NG_Fired_Plant,1,2034,3.68
TX,NG_Fired_Plant,2,2034,3.68
TX,NG_Fired_Plant,3,2034,3.68
NY,NG_Fired_Plant,1,2034,0
NY,NG_Fired_Plant,2,2034,0
NY,NG_Fired_Plant,3,2034,0
CA,NG_Fired_Plant,1,2035,0.15
CA,NG_Fired_Plant,2,2035,0.15
CA,NG_Fired_Plant,3,2035,0.15
TX,NG_Fired_Plant,1,2035,3.68
TX,NG_Fired_Plant,2,2035,3.68
TX,NG_Fired_Plant,3,2035,3.68
NY,NG_Fired_Plant,1,2035,0
NY,NG_Fired_Plant,2,2035,0
NY,NG_Fired_Plant,3,2035,0
CA,H2_Fired_Plant,1,2030,0.0001
TX,H2_Fired_Plant,1,2030,0
NY,H2_Fired_Plant,1,2030,0
CA,H2_Fired_Plant,1,2031,0.0001
TX,H2_Fired_Plant,1,2031,0
NY,H2_Fired_Plant,1,2031,0
CA,H2_Fired_Plant,1,2032,0.0001
TX,H2_Fired_Plant,1,2032,0
NY,H2_Fired_Plant,1,2032,0
CA,H2_Fired_Plant,1,2033,0.0001
TX,H2_Fired_Plant,1,2033,0
NY,H2_Fired_Plant,1,2033,0
CA,H2_Fired_Plant,1,2034,0.0001
TX,H2_Fired_Plant,1,2034,0
NY,H2_Fired_Plant,1,2034,0
CA,H2_Fired_Plant,1,2035,0.0001
TX,H2_Fired_Plant,1,2035,0
NY,H2_Fired_Plant,1,2035,0
CA,Hydro_Plant_seasonal,1,2030,0.96
CA,Hydro_Plant_regular,1,2030,0.96
TX,Hydro_Plant_seasonal,1,2030,0.83
TX,Hydro_Plant_regular,1,2030,0.83
NY,Hydro_Plant_seasonal,1,2030,2.24
NY,Hydro_Plant_regular,1,2030,2.24
CA,Hydro_Plant_seasonal,1,2031,0.96
CA,Hydro_Plant_regular,1,2031,0.96
TX,Hydro_Plant_seasonal,1,2031,0.83
TX,Hydro_Plant_regular,1,2031,0.83
NY,Hydro_Plant_seasonal,1,2031,2.24
NY,Hydro_Plant_regular,1,2031,2.24
CA,Hydro_Plant_seasonal,1,2032,0.96
CA,Hydro_Plant_regular,1,2032,0.96
TX,Hydro_Plant_seasonal,1,2032,0.83
TX,Hydro_Plant_regular,1,2032,0.83
NY,Hydro_Plant_seasonal,1,2032,2.24
NY,Hydro_Plant_regular,1,2032,2.24
CA,Hydro_Plant_seasonal,1,2033,0.96
CA,Hydro_Plant_regular,1,2033,0.96
TX,Hydro_Plant_seasonal,1,2033,0.83
TX,Hydro_Plant_regular,1,2033,0.83
NY,Hydro_Plant_seasonal,1,2033,2.24
NY,Hydro_Plant_regular,1,2033,2.24
CA,Hydro_Plant_seasonal,1,2034,0.96
CA,Hydro_Plant_regular,1,2034,0.96
TX,Hydro_Plant_seasonal,1,2034,0.83
TX,Hydro_Plant_regular,1,2034,0.83
NY,Hydro_Plant_seasonal,1,2034,2.24
NY,Hydro_Plant_regular,1,2034,2.24
CA,Hydro_Plant_seasonal,1,2035,0.96
CA,Hydro_Plant_regular,1,2035,0.96
TX,Hydro_Plant_seasonal,1,2035,0.83
TX,Hydro_Plant_regular,1,2035,0.83
NY,Hydro_Plant_seasonal,1,2035,2.24
NY,Hydro_Plant_regular,1,2035,2.24
CA,Battery_Storage,1,2030,1.53
TX,Battery_Storage,1,2030,0
NY,Battery_Storage,1,2030,1.39
CA,Battery_Storage,1,2031,1.53
TX,Battery_Storage,1,2031,0
NY,Battery_Storage,1,2031,1.39
CA,Battery_Storage,1,2032,1.53
TX,Battery_Storage,1,2032,0
NY,Battery_Storage,1,2032,1.39
CA,Battery_Storage,1,2033,1.53
TX,Battery_Storage,1,2033,0
NY,Battery_Storage,1,2033,1.39
CA,Battery_Storage,1,2034,1.53
TX,Battery_Storage,1,2034,0
NY,Battery_Storage,1,2034,1.39
CA,Battery_Storage,1,2035,1.53
TX,Battery_Storage,1,2035,0
NY,Battery_Storage,1,2035,1.39
CA,Solar_utility,1,2030,3.17
TX,Solar_utility,1,2030,4.15
NY,Solar_utility,1,2030,2.48
CA,Solar_utility,1,2031,3.17
TX,Solar_utility,1,2031,4.15
NY,Solar_utility,1,2031,2.48
CA,Solar_utility,1,2032,3.17
TX,Solar_utility,1,2032,4.15
NY,Solar_utility,1,2032,2.48
CA,Solar_utility,1,2033,3.17
TX,Solar_utility,1,2033,4.15
NY,Solar_utility,1,2033,2.48
CA,Solar_utility,1,2034,3.17
TX,Solar_utility,1,2034,4.15
NY,Solar_utility,1,2034,2.48
CA,Solar_utility,1,2035,3.17
TX,Solar_utility,1,2035,4.15
NY,Solar_utility,1,2035,2.48
TX,Solar_end_use,1,2030,2
TX,Solar_end_use,1,2031,2.2
TX,Solar_end_use,1,2032,2.3
TX,Solar_end_use,1,2033,2.4
TX,Solar_end_use,1,2034,2.5
TX,Solar_end_use,1,2035,2.6
CA,Solar_end_use,1,2030,6.8
CA,Solar_end_use,1,2031,7.3
CA,Solar_end_use,1,2032,7.6
CA,Solar_end_use,1,2033,7.8
CA,Solar_end_use,1,2034,8
CA,Solar_end_use,1,2035,8.1
NY,Solar_end_use,1,2030,1.9
NY,Solar_end_use,1,2031,2
NY,Solar_end_use,1,2032,2.1
NY,Solar_end_use,1,2033,2.2
NY,Solar_end_use,1,2034,2.3
NY,Solar_end_use,1,2035,2.3
